order,ad_id,area,list_time,price_eur,group_count,keep_floor,url,reason
1,1079274003,30.4,2026-08-01T06:33:23Z,44064,124,20,https://re.kufar.by/vi/1079274003,массовый тип площади; старые первыми; редкие и площади <30 м² защищены
2,1079623327,30.4,2026-08-04T06:35:57Z,49842,124,20,https://re.kufar.by/vi/1079623327,массовый тип площади; старые первыми; редкие и площади <30 м² защищены
3,1081758353,30.4,2026-08-20T04:32:54Z,45159,124,20,https://re.kufar.by/vi/1081758353,массовый тип площади; старые первыми; редкие и площади <30 м² защищены
4,1081914093,30.4,2026-08-21T06:03:11Z,45159,124,20,https://re.kufar.by/vi/1081914093,массовый тип площади; старые первыми; редкие и площади <30 м² защищены
5,1081915181,30.4,2026-08-21T06:16:47Z,45159,124,20,https://re.kufar.by/vi/1081915181,массовый тип площади; старые первыми; редкие и площади <30 м² защищены
6,1081915266,30.4,2026-08-21T06:18:33Z,45159,124,20,https://re.kufar.by/vi/1081915266,массовый тип площади; старые первыми; редкие и площади <30 м² защищены
7,1081917203,30.4,2026-08-21T06:48:58Z,45159,124,20,https://re.kufar.by/vi/1081917203,массовый тип площади; старые первыми; редкие и площади <30 м² защищены
8,1081917437,30.4,2026-08-21T06:52:03Z,45159,124,20,https://re.kufar.by/vi/1081917437,массовый тип площади; старые первыми; редкие и площади <30 м² защищены
9,1082434858,30.4,2026-08-25T04:26:37Z,47849,124,20,https://re.kufar.by/vi/1082434858,массовый тип площади; старые первыми; редкие и площади <30 м² защищены
10,1083181064,30.4,2026-08-30T10:46:57Z,43669,124,20,https://re.kufar.by/vi/1083181064,массовый тип площади; старые первыми; редкие и площади <30 м² защищены
11,1083181575,30.4,2026-08-30T10:52:00Z,43669,124,20,https://re.kufar.by/vi/1083181575,массовый тип площади; старые первыми; редкие и площади <30 м² защищены
12,1083181854,30.4,2026-08-30T10:54:39Z,43669,124,20,https://re.kufar.by/vi/1083181854,массовый тип площади; старые первыми; редкие и площади <30 м² защищены
13,1083183199,30.4,2026-08-30T11:07:21Z,43669,124,20,https://re.kufar.by/vi/1083183199,массовый тип площади; старые первыми; редкие и площади <30 м² защищены
14,1083183346,30.4,2026-08-30T11:08:42Z,43669,124,20,https://re.kufar.by/vi/1083183346,массовый тип площади; старые первыми; редкие и площади <30 м² защищены
15,1083183730,30.4,2026-08-30T11:12:10Z,43669,124,20,https://re.kufar.by/vi/1083183730,массовый тип площади; старые первыми; редкие и площади <30 м² защищены
16,1083185217,30.4,2026-08-30T11:25:39Z,43888,124,20,https://re.kufar.by/vi/1083185217,массовый тип площади; старые первыми; редкие и площади <30 м² защищены
17,1083185690,30.4,2026-08-30T11:30:04Z,43888,124,20,https://re.kufar.by/vi/1083185690,массовый тип площади; старые первыми; редкие и площади <30 м² защищены
18,1083378655,30.4,2026-09-01T03:21:57Z,43669,124,20,https://re.kufar.by/vi/1083378655,массовый тип площади; старые первыми; редкие и площади <30 м² защищены
19,1083379601,30.4,2026-09-01T03:26:28Z,43669,124,20,https://re.kufar.by/vi/1083379601,массовый тип площади; старые первыми; редкие и площади <30 м² защищены
20,1083380372,30.4,2026-09-01T03:28:34Z,43669,124,20,https://re.kufar.by/vi/1083380372,массовый тип площади; старые первыми; редкие и площади <30 м² защищены
21,1083380406,30.4,2026-09-01T03:32:21Z,43669,124,20,https://re.kufar.by/vi/1083380406,массовый тип площади; старые первыми; редкие и площади <30 м² защищены
22,1083380455,30.4,2026-09-01T03:37:26Z,45315,124,20,https://re.kufar.by/vi/1083380455,массовый тип площади; старые первыми; редкие и площади <30 м² защищены
23,1083411563,30.4,2026-09-01T07:58:29Z,43669,124,20,https://re.kufar.by/vi/1083411563,массовый тип площади; старые первыми; редкие и площади <30 м² защищены
24,1083411697,30.4,2026-09-01T08:00:06Z,43669,124,20,https://re.kufar.by/vi/1083411697,массовый тип площади; старые первыми; редкие и площади <30 м² защищены
25,1083412305,30.4,2026-09-01T08:08:15Z,43669,124,20,https://re.kufar.by/vi/1083412305,массовый тип площади; старые первыми; редкие и площади <30 м² защищены
26,1083412421,30.4,2026-09-01T08:09:44Z,43669,124,20,https://re.kufar.by/vi/1083412421,массовый тип площади; старые первыми; редкие и площади <30 м² защищены
27,1083412763,30.4,2026-09-01T08:14:21Z,43669,124,20,https://re.kufar.by/vi/1083412763,массовый тип площади; старые первыми; редкие и площади <30 м² защищены
28,1083499918,30.4,2026-09-02T03:08:58Z,43669,124,20,https://re.kufar.by/vi/1083499918,массовый тип площади; старые первыми; редкие и площади <30 м² защищены
29,1083499933,30.4,2026-09-02T03:10:35Z,43669,124,20,https://re.kufar.by/vi/1083499933,массовый тип площади; старые первыми; редкие и площади <30 м² защищены
30,1083499962,30.4,2026-09-02T03:12:26Z,43669,124,20,https://re.kufar.by/vi/1083499962,массовый тип площади; старые первыми; редкие и площади <30 м² защищены
31,1083500083,30.4,2026-09-02T03:18:57Z,43669,124,20,https://re.kufar.by/vi/1083500083,массовый тип площади; старые первыми; редкие и площади <30 м² защищены
32,1083501231,30.4,2026-09-02T03:26:30Z,44098,124,20,https://re.kufar.by/vi/1083501231,массовый тип площади; старые первыми; редкие и площади <30 м² защищены
33,1083519114,30.4,2026-09-02T04:17:55Z,43669,124,20,https://re.kufar.by/vi/1083519114,массовый тип площади; старые первыми; редкие и площади <30 м² защищены
34,1083519163,30.4,2026-09-02T04:20:08Z,43669,124,20,https://re.kufar.by/vi/1083519163,массовый тип площади; старые первыми; редкие и площади <30 м² защищены
35,1083519207,30.4,2026-09-02T04:22:04Z,43669,124,20,https://re.kufar.by/vi/1083519207,массовый тип площади; старые первыми; редкие и площади <30 м² защищены
36,1083519245,30.4,2026-09-02T04:24:15Z,43669,124,20,https://re.kufar.by/vi/1083519245,массовый тип площади; старые первыми; редкие и площади <30 м² защищены
37,1083674127,30.4,2026-09-03T05:58:56Z,43669,124,20,https://re.kufar.by/vi/1083674127,массовый тип площади; старые первыми; редкие и площади <30 м² защищены
38,1083674248,30.4,2026-09-03T06:00:34Z,43669,124,20,https://re.kufar.by/vi/1083674248,массовый тип площади; старые первыми; редкие и площади <30 м² защищены
39,1083674375,30.4,2026-09-03T06:02:33Z,43669,124,20,https://re.kufar.by/vi/1083674375,массовый тип площади; старые первыми; редкие и площади <30 м² защищены
40,1083716629,30.4,2026-09-03T11:48:10Z,43669,124,20,https://re.kufar.by/vi/1083716629,массовый тип площади; старые первыми; редкие и площади <30 м² защищены
41,1083716859,30.4,2026-09-03T11:50:51Z,43669,124,20,https://re.kufar.by/vi/1083716859,массовый тип площади; старые первыми; редкие и площади <30 м² защищены
42,1083718087,30.4,2026-09-03T12:00:39Z,43669,124,20,https://re.kufar.by/vi/1083718087,массовый тип площади; старые первыми; редкие и площади <30 м² защищены
43,1083718254,30.4,2026-09-03T12:02:40Z,43669,124,20,https://re.kufar.by/vi/1083718254,массовый тип площади; старые первыми; редкие и площади <30 м² защищены
44,1083729517,30.4,2026-09-03T13:12:07Z,43669,124,20,https://re.kufar.by/vi/1083729517,массовый тип площади; старые первыми; редкие и площади <30 м² защищены
45,1083729733,30.4,2026-09-03T13:14:47Z,43669,124,20,https://re.kufar.by/vi/1083729733,массовый тип площади; старые первыми; редкие и площади <30 м² защищены
46,1083949279,30.4,2026-09-05T06:06:11Z,43669,124,20,https://re.kufar.by/vi/1083949279,массовый тип площади; старые первыми; редкие и площади <30 м² защищены
47,1083949351,30.4,2026-09-05T06:07:25Z,43669,124,20,https://re.kufar.by/vi/1083949351,массовый тип площади; старые первыми; редкие и площади <30 м² защищены
48,1083949408,30.4,2026-09-05T06:08:46Z,43669,124,20,https://re.kufar.by/vi/1083949408,массовый тип площади; старые первыми; редкие и площади <30 м² защищены
49,1084066037,30.4,2026-09-06T07:06:14Z,43669,124,20,https://re.kufar.by/vi/1084066037,массовый тип площади; старые первыми; редкие и площади <30 м² защищены
50,1084066638,30.4,2026-09-06T07:13:48Z,43669,124,20,https://re.kufar.by/vi/1084066638,массовый тип площади; старые первыми; редкие и площади <30 м² защищены
51,1084067974,30.4,2026-09-06T07:20:34Z,43669,124,20,https://re.kufar.by/vi/1084067974,массовый тип площади; старые первыми; редкие и площади <30 м² защищены
52,1084068247,30.4,2026-09-06T07:23:00Z,43669,124,20,https://re.kufar.by/vi/1084068247,массовый тип площади; старые первыми; редкие и площади <30 м² защищены
53,1084128989,30.4,2026-09-06T14:29:32Z,46223,124,20,https://re.kufar.by/vi/1084128989,массовый тип площади; старые первыми; редкие и площади <30 м² защищены
54,1084175813,30.4,2026-09-07T03:54:25Z,43209,124,20,https://re.kufar.by/vi/1084175813,массовый тип площади; старые первыми; редкие и площади <30 м² защищены
55,1084176653,30.4,2026-09-07T04:01:00Z,43669,124,20,https://re.kufar.by/vi/1084176653,массовый тип площади; старые первыми; редкие и площади <30 м² защищены
56,1084182199,30.4,2026-09-07T04:06:29Z,43669,124,20,https://re.kufar.by/vi/1084182199,массовый тип площади; старые первыми; редкие и площади <30 м² защищены
57,1084186499,30.4,2026-09-07T04:08:18Z,43669,124,20,https://re.kufar.by/vi/1084186499,массовый тип площади; старые первыми; редкие и площади <30 м² защищены
58,1084312334,30.4,2026-09-08T04:59:31Z,43669,124,20,https://re.kufar.by/vi/1084312334,массовый тип площади; старые первыми; редкие и площади <30 м² защищены
59,1084312432,30.4,2026-09-08T05:02:04Z,43669,124,20,https://re.kufar.by/vi/1084312432,массовый тип площади; старые первыми; редкие и площади <30 м² защищены
60,1084312514,30.4,2026-09-08T05:04:00Z,43669,124,20,https://re.kufar.by/vi/1084312514,массовый тип площади; старые первыми; редкие и площади <30 м² защищены
61,1084419587,30.4,2026-09-09T02:24:01Z,43669,124,20,https://re.kufar.by/vi/1084419587,массовый тип площади; старые первыми; редкие и площади <30 м² защищены
62,1084419626,30.4,2026-09-09T02:26:06Z,43669,124,20,https://re.kufar.by/vi/1084419626,массовый тип площади; старые первыми; редкие и площади <30 м² защищены
63,1084419647,30.4,2026-09-09T02:28:05Z,43669,124,20,https://re.kufar.by/vi/1084419647,массовый тип площади; старые первыми; редкие и площади <30 м² защищены
64,1084419653,30.4,2026-09-09T02:29:45Z,43669,124,20,https://re.kufar.by/vi/1084419653,массовый тип площади; старые первыми; редкие и площади <30 м² защищены
65,1084575045,30.4,2026-09-10T05:40:04Z,43669,124,20,https://re.kufar.by/vi/1084575045,массовый тип площади; старые первыми; редкие и площади <30 м² защищены
66,1084575241,30.4,2026-09-10T05:44:03Z,43669,124,20,https://re.kufar.by/vi/1084575241,массовый тип площади; старые первыми; редкие и площади <30 м² защищены
67,1084575357,30.4,2026-09-10T05:46:13Z,43669,124,20,https://re.kufar.by/vi/1084575357,массовый тип площади; старые первыми; редкие и площади <30 м² защищены
68,1084575512,30.4,2026-09-10T05:48:31Z,43669,124,20,https://re.kufar.by/vi/1084575512,массовый тип площади; старые первыми; редкие и площади <30 м² защищены
69,1084696251,30.4,2026-09-11T05:12:50Z,43669,124,20,https://re.kufar.by/vi/1084696251,массовый тип площади; старые первыми; редкие и площади <30 м² защищены
70,1084696332,30.4,2026-09-11T05:15:06Z,43669,124,20,https://re.kufar.by/vi/1084696332,массовый тип площади; старые первыми; редкие и площади <30 м² защищены
71,1084803507,30.4,2026-09-12T05:33:06Z,43669,124,20,https://re.kufar.by/vi/1084803507,массовый тип площади; старые первыми; редкие и площади <30 м² защищены
72,1084803543,30.4,2026-09-12T05:34:16Z,43669,124,20,https://re.kufar.by/vi/1084803543,массовый тип площади; старые первыми; редкие и площади <30 м² защищены
73,1084803617,30.4,2026-09-12T05:36:11Z,43669,124,20,https://re.kufar.by/vi/1084803617,массовый тип площади; старые первыми; редкие и площади <30 м² защищены
74,1084803684,30.4,2026-09-12T05:38:31Z,43669,124,20,https://re.kufar.by/vi/1084803684,массовый тип площади; старые первыми; редкие и площади <30 м² защищены
75,1084804710,30.4,2026-09-12T05:59:14Z,43669,124,20,https://re.kufar.by/vi/1084804710,массовый тип площади; старые первыми; редкие и площади <30 м² защищены
76,1084804838,30.4,2026-09-12T06:01:40Z,43669,124,20,https://re.kufar.by/vi/1084804838,массовый тип площади; старые первыми; редкие и площади <30 м² защищены
77,1084828530,30.4,2026-09-12T09:57:02Z,43669,124,20,https://re.kufar.by/vi/1084828530,массовый тип площади; старые первыми; редкие и площади <30 м² защищены
78,1084828932,30.4,2026-09-12T10:00:48Z,43669,124,20,https://re.kufar.by/vi/1084828932,массовый тип площади; старые первыми; редкие и площади <30 м² защищены
79,1084829808,30.4,2026-09-12T10:10:00Z,46223,124,20,https://re.kufar.by/vi/1084829808,массовый тип площади; старые первыми; редкие и площади <30 м² защищены
80,1084829944,30.4,2026-09-12T10:11:33Z,56459,124,20,https://re.kufar.by/vi/1084829944,массовый тип площади; старые первыми; редкие и площади <30 м² защищены
81,1084839592,30.4,2026-09-12T11:54:03Z,46223,124,20,https://re.kufar.by/vi/1084839592,массовый тип площади; старые первыми; редкие и площади <30 м² защищены
82,1084903198,30.4,2026-09-13T02:51:01Z,43669,124,20,https://re.kufar.by/vi/1084903198,массовый тип площади; старые первыми; редкие и площади <30 м² защищены
83,1084903206,30.4,2026-09-13T02:53:03Z,43669,124,20,https://re.kufar.by/vi/1084903206,массовый тип площади; старые первыми; редкие и площади <30 м² защищены
84,1084903210,30.4,2026-09-13T02:55:17Z,43669,124,20,https://re.kufar.by/vi/1084903210,массовый тип площади; старые первыми; редкие и площади <30 м² защищены
85,1084903251,30.4,2026-09-13T03:04:07Z,43669,124,20,https://re.kufar.by/vi/1084903251,массовый тип площади; старые первыми; редкие и площади <30 м² защищены
86,1084903957,30.4,2026-09-13T03:24:34Z,43669,124,20,https://re.kufar.by/vi/1084903957,массовый тип площади; старые первыми; редкие и площади <30 м² защищены
87,1084922238,30.4,2026-09-13T04:52:20Z,43669,124,20,https://re.kufar.by/vi/1084922238,массовый тип площади; старые первыми; редкие и площади <30 м² защищены
88,1085032107,30.4,2026-09-14T02:15:07Z,43669,124,20,https://re.kufar.by/vi/1085032107,массовый тип площади; старые первыми; редкие и площади <30 м² защищены
89,1085052335,30.4,2026-09-14T05:18:15Z,46223,124,20,https://re.kufar.by/vi/1085052335,массовый тип площади; старые первыми; редкие и площади <30 м² защищены
90,1085053090,30.4,2026-09-14T05:29:34Z,43669,124,20,https://re.kufar.by/vi/1085053090,массовый тип площади; старые первыми; редкие и площади <30 м² защищены
91,1085086760,30.4,2026-09-14T11:29:17Z,43669,124,20,https://re.kufar.by/vi/1085086760,массовый тип площади; старые первыми; редкие и площади <30 м² защищены
92,1085086920,30.4,2026-09-14T11:31:06Z,43669,124,20,https://re.kufar.by/vi/1085086920,массовый тип площади; старые первыми; редкие и площади <30 м² защищены
93,1085100340,30.4,2026-09-14T13:20:28Z,43669,124,20,https://re.kufar.by/vi/1085100340,массовый тип площади; старые первыми; редкие и площади <30 м² защищены
94,1085106365,30.4,2026-09-14T14:10:40Z,43669,124,20,https://re.kufar.by/vi/1085106365,массовый тип площади; старые первыми; редкие и площади <30 м² защищены
95,1085184396,30.4,2026-09-15T04:39:59Z,43669,124,20,https://re.kufar.by/vi/1085184396,массовый тип площади; старые первыми; редкие и площади <30 м² защищены
96,1085243025,30.4,2026-09-15T12:58:31Z,43669,124,20,https://re.kufar.by/vi/1085243025,массовый тип площади; старые первыми; редкие и площади <30 м² защищены
97,1085299447,30.4,2026-09-16T03:55:38Z,43669,124,20,https://re.kufar.by/vi/1085299447,массовый тип площади; старые первыми; редкие и площади <30 м² защищены
98,1085307608,30.4,2026-09-16T04:08:04Z,43669,124,20,https://re.kufar.by/vi/1085307608,массовый тип площади; старые первыми; редкие и площади <30 м² защищены
99,1085443235,30.4,2026-09-17T06:35:50Z,43669,124,20,https://re.kufar.by/vi/1085443235,массовый тип площади; старые первыми; редкие и площади <30 м² защищены
100,1085443414,30.4,2026-09-17T06:38:36Z,43669,124,20,https://re.kufar.by/vi/1085443414,массовый тип площади; старые первыми; редкие и площади <30 м² защищены
101,1085676245,30.4,2026-09-19T03:55:08Z,43669,124,20,https://re.kufar.by/vi/1085676245,массовый тип площади; старые первыми; редкие и площади <30 м² защищены
102,1085678845,30.4,2026-09-19T03:57:47Z,43669,124,20,https://re.kufar.by/vi/1085678845,массовый тип площади; старые первыми; редкие и площади <30 м² защищены
103,1085722643,30.4,2026-09-19T11:33:07Z,43669,124,20,https://re.kufar.by/vi/1085722643,массовый тип площади; старые первыми; редкие и площади <30 м² защищены
104,1085802231,30.4,2026-09-20T05:07:57Z,43669,124,20,https://re.kufar.by/vi/1085802231,массовый тип площади; старые первыми; редкие и площади <30 м² защищены
105,1076529334,30.1,2026-07-10T10:55:04Z,44834,109,20,https://re.kufar.by/vi/1076529334,массовый тип площади; старые первыми; редкие и площади <30 м² защищены
106,1076594796,30.1,2026-07-11T02:20:25Z,44834,109,20,https://re.kufar.by/vi/1076594796,массовый тип площади; старые первыми; редкие и площади <30 м² защищены
107,1078460444,30.1,2026-07-25T06:42:03Z,44834,109,20,https://re.kufar.by/vi/1078460444,массовый тип площади; старые первыми; редкие и площади <30 м² защищены
108,1078566873,30.1,2026-07-26T05:32:35Z,44834,109,20,https://re.kufar.by/vi/1078566873,массовый тип площади; старые первыми; редкие и площади <30 м² защищены
109,1078567202,30.1,2026-07-26T05:41:02Z,44834,109,20,https://re.kufar.by/vi/1078567202,массовый тип площади; старые первыми; редкие и площади <30 м² защищены
110,1078567245,30.1,2026-07-26T05:42:33Z,44834,109,20,https://re.kufar.by/vi/1078567245,массовый тип площади; старые первыми; редкие и площади <30 м² защищены
111,1078567392,30.1,2026-07-26T05:46:43Z,44834,109,20,https://re.kufar.by/vi/1078567392,массовый тип площади; старые первыми; редкие и площади <30 м² защищены
112,1078681091,30.1,2026-07-27T05:42:49Z,44834,109,20,https://re.kufar.by/vi/1078681091,массовый тип площади; старые первыми; редкие и площади <30 м² защищены
113,1078681216,30.1,2026-07-27T05:45:42Z,44834,109,20,https://re.kufar.by/vi/1078681216,массовый тип площади; старые первыми; редкие и площади <30 м² защищены
114,1078681383,30.1,2026-07-27T05:49:25Z,44834,109,20,https://re.kufar.by/vi/1078681383,массовый тип площади; старые первыми; редкие и площади <30 м² защищены
115,1078681819,30.1,2026-07-27T05:58:02Z,45060,109,20,https://re.kufar.by/vi/1078681819,массовый тип площади; старые первыми; редкие и площади <30 м² защищены
116,1078681931,30.1,2026-07-27T06:00:32Z,45060,109,20,https://re.kufar.by/vi/1078681931,массовый тип площади; старые первыми; редкие и площади <30 м² защищены
117,1078710743,30.1,2026-07-27T10:39:58Z,43330,109,20,https://re.kufar.by/vi/1078710743,массовый тип площади; старые первыми; редкие и площади <30 м² защищены
118,1078712141,30.1,2026-07-27T10:55:49Z,43330,109,20,https://re.kufar.by/vi/1078712141,массовый тип площади; старые первыми; редкие и площади <30 м² защищены
119,1078844200,30.1,2026-07-28T12:26:44Z,43330,109,20,https://re.kufar.by/vi/1078844200,массовый тип площади; старые первыми; редкие и площади <30 м² защищены
120,1078844436,30.1,2026-07-28T12:29:05Z,43330,109,20,https://re.kufar.by/vi/1078844436,массовый тип площади; старые первыми; редкие и площади <30 м² защищены
121,1079085119,30.1,2026-07-30T11:38:17Z,43330,109,20,https://re.kufar.by/vi/1079085119,массовый тип площади; старые первыми; редкие и площади <30 м² защищены
122,1079085272,30.1,2026-07-30T11:40:16Z,44834,109,20,https://re.kufar.by/vi/1079085272,массовый тип площади; старые первыми; редкие и площади <30 м² защищены
123,1079087250,30.1,2026-07-30T12:01:30Z,43330,109,20,https://re.kufar.by/vi/1079087250,массовый тип площади; старые первыми; редкие и площади <30 м² защищены
124,1079087429,30.1,2026-07-30T12:03:34Z,43330,109,20,https://re.kufar.by/vi/1079087429,массовый тип площади; старые первыми; редкие и площади <30 м² защищены
125,1079088498,30.1,2026-07-30T12:15:47Z,43330,109,20,https://re.kufar.by/vi/1079088498,массовый тип площади; старые первыми; редкие и площади <30 м² защищены
126,1079088713,30.1,2026-07-30T12:18:27Z,43330,109,20,https://re.kufar.by/vi/1079088713,массовый тип площади; старые первыми; редкие и площади <30 м² защищены
127,1079089018,30.1,2026-07-30T12:21:36Z,43557,109,20,https://re.kufar.by/vi/1079089018,массовый тип площади; старые первыми; редкие и площади <30 м² защищены
128,1079092583,30.1,2026-07-30T12:38:49Z,43557,109,20,https://re.kufar.by/vi/1079092583,массовый тип площади; старые первыми; редкие и площади <30 м² защищены
129,1079149158,30.1,2026-07-31T04:53:50Z,43330,109,20,https://re.kufar.by/vi/1079149158,массовый тип площади; старые первыми; редкие и площади <30 м² защищены
130,1079149464,30.1,2026-07-31T05:04:51Z,43330,109,20,https://re.kufar.by/vi/1079149464,массовый тип площади; старые первыми; редкие и площади <30 м² защищены
131,1079149541,30.1,2026-07-31T05:07:37Z,43330,109,20,https://re.kufar.by/vi/1079149541,массовый тип площади; старые первыми; редкие и площади <30 м² защищены
132,1079149601,30.1,2026-07-31T05:09:39Z,43330,109,20,https://re.kufar.by/vi/1079149601,массовый тип площади; старые первыми; редкие и площади <30 м² защищены
133,1079214598,30.1,2026-07-31T13:58:31Z,43330,109,20,https://re.kufar.by/vi/1079214598,массовый тип площади; старые первыми; редкие и площади <30 м² защищены
134,1079215053,30.1,2026-07-31T14:04:27Z,43330,109,20,https://re.kufar.by/vi/1079215053,массовый тип площади; старые первыми; редкие и площади <30 м² защищены
135,1079215215,30.1,2026-07-31T14:06:16Z,43330,109,20,https://re.kufar.by/vi/1079215215,массовый тип площади; старые первыми; редкие и площади <30 м² защищены
136,1079215799,30.1,2026-07-31T14:10:55Z,43330,109,20,https://re.kufar.by/vi/1079215799,массовый тип площади; старые первыми; редкие и площади <30 м² защищены
137,1079215942,30.1,2026-07-31T14:12:25Z,43330,109,20,https://re.kufar.by/vi/1079215942,массовый тип площади; старые первыми; редкие и площади <30 м² защищены
138,1079856224,30.1,2026-08-05T03:22:13Z,43557,109,20,https://re.kufar.by/vi/1079856224,массовый тип площади; старые первыми; редкие и площади <30 м² защищены
139,1079978132,30.1,2026-08-06T05:32:14Z,43330,109,20,https://re.kufar.by/vi/1079978132,массовый тип площади; старые первыми; редкие и площади <30 м² защищены
140,1079990654,30.1,2026-08-06T05:42:14Z,43330,109,20,https://re.kufar.by/vi/1079990654,массовый тип площади; старые первыми; редкие и площади <30 м² защищены
141,1079992258,30.1,2026-08-06T05:44:32Z,43330,109,20,https://re.kufar.by/vi/1079992258,массовый тип площади; старые первыми; редкие и площади <30 м² защищены
142,1080258361,30.1,2026-08-08T12:58:31Z,43330,109,20,https://re.kufar.by/vi/1080258361,массовый тип площади; старые первыми; редкие и площади <30 м² защищены
143,1080441089,30.1,2026-08-10T06:00:46Z,43330,109,20,https://re.kufar.by/vi/1080441089,массовый тип площади; старые первыми; редкие и площади <30 м² защищены
144,1080441298,30.1,2026-08-10T06:04:17Z,43330,109,20,https://re.kufar.by/vi/1080441298,массовый тип площади; старые первыми; редкие и площади <30 м² защищены
145,1080441890,30.1,2026-08-10T06:14:34Z,43330,109,20,https://re.kufar.by/vi/1080441890,массовый тип площади; старые первыми; редкие и площади <30 м² защищены
146,1080535221,30.1,2026-08-11T05:11:53Z,43330,109,20,https://re.kufar.by/vi/1080535221,массовый тип площади; старые первыми; редкие и площади <30 м² защищены
147,1080535289,30.1,2026-08-11T05:13:25Z,43330,109,20,https://re.kufar.by/vi/1080535289,массовый тип площади; старые первыми; редкие и площади <30 м² защищены
148,1080535641,30.1,2026-08-11T05:18:44Z,43330,109,20,https://re.kufar.by/vi/1080535641,массовый тип площади; старые первыми; редкие и площади <30 м² защищены
149,1080535737,30.1,2026-08-11T05:20:47Z,43330,109,20,https://re.kufar.by/vi/1080535737,массовый тип площади; старые первыми; редкие и площади <30 м² защищены
150,1080539287,30.1,2026-08-11T05:30:14Z,43330,109,20,https://re.kufar.by/vi/1080539287,массовый тип площади; старые первыми; редкие и площади <30 м² защищены
151,1080570688,30.1,2026-08-11T08:04:28Z,43330,109,20,https://re.kufar.by/vi/1080570688,массовый тип площади; старые первыми; редкие и площади <30 м² защищены
152,1080570939,30.1,2026-08-11T08:07:29Z,43330,109,20,https://re.kufar.by/vi/1080570939,массовый тип площади; старые первыми; редкие и площади <30 м² защищены
153,1080942898,30.1,2026-08-14T06:49:33Z,43330,109,20,https://re.kufar.by/vi/1080942898,массовый тип площади; старые первыми; редкие и площади <30 м² защищены
154,1080965839,30.1,2026-08-14T09:07:17Z,43330,109,20,https://re.kufar.by/vi/1080965839,массовый тип площади; старые первыми; редкие и площади <30 м² защищены
155,1080978591,30.1,2026-08-14T10:44:01Z,43330,109,20,https://re.kufar.by/vi/1080978591,массовый тип площади; старые первыми; редкие и площади <30 м² защищены
156,1081440181,30.1,2026-08-18T05:05:17Z,43059,109,20,https://re.kufar.by/vi/1081440181,массовый тип площади; старые первыми; редкие и площади <30 м² защищены
157,1081440628,30.1,2026-08-18T05:08:14Z,43059,109,20,https://re.kufar.by/vi/1081440628,массовый тип площади; старые первыми; редкие и площади <30 м² защищены
158,1081440679,30.1,2026-08-18T05:09:46Z,43059,109,20,https://re.kufar.by/vi/1081440679,массовый тип площади; старые первыми; редкие и площади <30 м² защищены
159,1081441409,30.1,2026-08-18T05:20:10Z,43059,109,20,https://re.kufar.by/vi/1081441409,массовый тип площади; старые первыми; редкие и площади <30 м² защищены
160,1081441530,30.1,2026-08-18T05:22:32Z,43059,109,20,https://re.kufar.by/vi/1081441530,массовый тип площади; старые первыми; редкие и площади <30 м² защищены
161,1081441686,30.1,2026-08-18T05:26:41Z,43059,109,20,https://re.kufar.by/vi/1081441686,массовый тип площади; старые первыми; редкие и площади <30 м² защищены
162,1081442908,30.1,2026-08-18T05:45:02Z,43059,109,20,https://re.kufar.by/vi/1081442908,массовый тип площади; старые первыми; редкие и площади <30 м² защищены
163,1081620697,30.1,2026-08-19T05:15:53Z,43059,109,20,https://re.kufar.by/vi/1081620697,массовый тип площади; старые первыми; редкие и площади <30 м² защищены
164,1081620810,30.1,2026-08-19T05:17:59Z,43059,109,20,https://re.kufar.by/vi/1081620810,массовый тип площади; старые первыми; редкие и площади <30 м² защищены
165,1081621003,30.1,2026-08-19T05:21:10Z,43059,109,20,https://re.kufar.by/vi/1081621003,массовый тип площади; старые первыми; редкие и площади <30 м² защищены
166,1081622006,30.1,2026-08-19T05:42:22Z,43059,109,20,https://re.kufar.by/vi/1081622006,массовый тип площади; старые первыми; редкие и площади <30 м² защищены
167,1081622293,30.1,2026-08-19T05:47:44Z,43059,109,20,https://re.kufar.by/vi/1081622293,массовый тип площади; старые первыми; редкие и площади <30 м² защищены
168,1081648967,30.1,2026-08-19T09:43:20Z,0,109,20,https://re.kufar.by/vi/1081648967,массовый тип площади; старые первыми; редкие и площади <30 м² защищены
169,1081649080,30.1,2026-08-19T09:44:28Z,43059,109,20,https://re.kufar.by/vi/1081649080,массовый тип площади; старые первыми; редкие и площади <30 м² защищены
170,1081649474,30.1,2026-08-19T09:48:20Z,43059,109,20,https://re.kufar.by/vi/1081649474,массовый тип площади; старые первыми; редкие и площади <30 м² защищены
171,1081649600,30.1,2026-08-19T09:49:33Z,43059,109,20,https://re.kufar.by/vi/1081649600,массовый тип площади; старые первыми; редкие и площади <30 м² защищены
172,1081650382,30.1,2026-08-19T09:57:28Z,43059,109,20,https://re.kufar.by/vi/1081650382,массовый тип площади; старые первыми; редкие и площади <30 м² защищены
173,1081738822,30.1,2026-08-20T03:23:02Z,43059,109,20,https://re.kufar.by/vi/1081738822,массовый тип площади; старые первыми; редкие и площади <30 м² защищены
174,1081738834,30.1,2026-08-20T03:25:04Z,43059,109,20,https://re.kufar.by/vi/1081738834,массовый тип площади; старые первыми; редкие и площади <30 м² защищены
175,1081739619,30.1,2026-08-20T03:47:26Z,43059,109,20,https://re.kufar.by/vi/1081739619,массовый тип площади; старые первыми; редкие и площади <30 м² защищены
176,1081739656,30.1,2026-08-20T03:49:11Z,43059,109,20,https://re.kufar.by/vi/1081739656,массовый тип площади; старые первыми; редкие и площади <30 м² защищены
177,1081892521,30.1,2026-08-21T03:32:49Z,43059,109,20,https://re.kufar.by/vi/1081892521,массовый тип площади; старые первыми; редкие и площади <30 м² защищены
178,1081892553,30.1,2026-08-21T03:35:29Z,43059,109,20,https://re.kufar.by/vi/1081892553,массовый тип площади; старые первыми; редкие и площади <30 м² защищены
179,1082066019,30.1,2026-08-22T09:33:01Z,43059,109,20,https://re.kufar.by/vi/1082066019,массовый тип площади; старые первыми; редкие и площади <30 м² защищены
180,1082066371,30.1,2026-08-22T09:36:52Z,43059,109,20,https://re.kufar.by/vi/1082066371,массовый тип площади; старые первыми; редкие и площади <30 м² защищены
181,1082066630,30.1,2026-08-22T09:39:36Z,43059,109,20,https://re.kufar.by/vi/1082066630,массовый тип площади; старые первыми; редкие и площади <30 м² защищены
182,1082066841,30.1,2026-08-22T09:41:39Z,43059,109,20,https://re.kufar.by/vi/1082066841,массовый тип площади; старые первыми; редкие и площади <30 м² защищены
183,1082079511,30.1,2026-08-22T11:35:59Z,43059,109,20,https://re.kufar.by/vi/1082079511,массовый тип площади; старые первыми; редкие и площади <30 м² защищены
184,1082165225,30.1,2026-08-23T04:38:39Z,43059,109,20,https://re.kufar.by/vi/1082165225,массовый тип площади; старые первыми; редкие и площади <30 м² защищены
185,1082165292,30.1,2026-08-23T04:42:00Z,43059,109,20,https://re.kufar.by/vi/1082165292,массовый тип площади; старые первыми; редкие и площади <30 м² защищены
186,1082165327,30.1,2026-08-23T04:43:37Z,43059,109,20,https://re.kufar.by/vi/1082165327,массовый тип площади; старые первыми; редкие и площади <30 м² защищены
187,1082165356,30.1,2026-08-23T04:45:07Z,43059,109,20,https://re.kufar.by/vi/1082165356,массовый тип площади; старые первыми; редкие и площади <30 м² защищены
188,1082166838,30.1,2026-08-23T05:10:37Z,43059,109,20,https://re.kufar.by/vi/1082166838,массовый тип площади; старые первыми; редкие и площади <30 м² защищены
189,1082279478,30.1,2026-08-24T03:14:01Z,43059,109,20,https://re.kufar.by/vi/1082279478,массовый тип площади; старые первыми; редкие и площади <30 м² защищены
190,1082279501,30.1,2026-08-24T03:17:38Z,43059,109,20,https://re.kufar.by/vi/1082279501,массовый тип площади; старые первыми; редкие и площади <30 м² защищены
191,1082279761,30.1,2026-08-24T03:19:44Z,43059,109,20,https://re.kufar.by/vi/1082279761,массовый тип площади; старые первыми; редкие и площади <30 м² защищены
192,1082279834,30.1,2026-08-24T03:22:57Z,43059,109,20,https://re.kufar.by/vi/1082279834,массовый тип площади; старые первыми; редкие и площади <30 м² защищены
193,1082437981,30.1,2026-08-25T05:20:31Z,43059,109,20,https://re.kufar.by/vi/1082437981,массовый тип площади; старые первыми; редкие и площади <30 м² защищены
194,1079274126,31.1,2026-08-01T06:35:41Z,45035,77,12,https://re.kufar.by/vi/1079274126,массовый тип площади; старые первыми; редкие и площади <30 м² защищены
195,1079274278,31.1,2026-08-01T06:38:09Z,45035,77,12,https://re.kufar.by/vi/1079274278,массовый тип площади; старые первыми; редкие и площади <30 м² защищены
196,1079275814,31.1,2026-08-01T07:01:22Z,45035,77,12,https://re.kufar.by/vi/1079275814,массовый тип площади; старые первыми; редкие и площади <30 м² защищены
197,1079276308,31.1,2026-08-01T07:09:46Z,45035,77,12,https://re.kufar.by/vi/1079276308,массовый тип площади; старые первыми; редкие и площади <30 м² защищены
198,1081918127,31.1,2026-08-21T06:56:30Z,46154,77,12,https://re.kufar.by/vi/1081918127,массовый тип площади; старые первыми; редкие и площади <30 м² защищены
199,1081918326,31.1,2026-08-21T06:59:35Z,46154,77,12,https://re.kufar.by/vi/1081918326,массовый тип площади; старые первыми; редкие и площади <30 м² защищены
200,1081918437,31.1,2026-08-21T07:01:27Z,46154,77,12,https://re.kufar.by/vi/1081918437,массовый тип площади; старые первыми; редкие и площади <30 м² защищены
201,1083443172,31.1,2026-09-01T13:04:28Z,49376,77,12,https://re.kufar.by/vi/1083443172,массовый тип площади; старые первыми; редкие и площади <30 м² защищены
202,1083499332,31.1,2026-09-02T02:46:18Z,44631,77,12,https://re.kufar.by/vi/1083499332,массовый тип площади; старые первыми; редкие и площади <30 м² защищены
203,1083499347,31.1,2026-09-02T02:49:06Z,44631,77,12,https://re.kufar.by/vi/1083499347,массовый тип площади; старые первыми; редкие и площади <30 м² защищены
204,1083499353,31.1,2026-09-02T02:50:54Z,44631,77,12,https://re.kufar.by/vi/1083499353,массовый тип площади; старые первыми; редкие и площади <30 м² защищены
205,1083499366,31.1,2026-09-02T02:53:01Z,44631,77,12,https://re.kufar.by/vi/1083499366,массовый тип площади; старые первыми; редкие и площади <30 м² защищены
206,1084062984,31.1,2026-09-06T06:31:19Z,44631,77,12,https://re.kufar.by/vi/1084062984,массовый тип площади; старые первыми; редкие и площади <30 м² защищены
207,1084063120,31.1,2026-09-06T06:33:23Z,44631,77,12,https://re.kufar.by/vi/1084063120,массовый тип площади; старые первыми; редкие и площади <30 м² защищены
208,1084063294,31.1,2026-09-06T06:36:06Z,44631,77,12,https://re.kufar.by/vi/1084063294,массовый тип площади; старые первыми; редкие и площади <30 м² защищены
209,1084063535,31.1,2026-09-06T06:38:43Z,44631,77,12,https://re.kufar.by/vi/1084063535,массовый тип площади; старые первыми; редкие и площади <30 м² защищены
210,1084063663,31.1,2026-09-06T06:40:16Z,44631,77,12,https://re.kufar.by/vi/1084063663,массовый тип площади; старые первыми; редкие и площади <30 м² защищены
211,1084064077,31.1,2026-09-06T06:45:55Z,44631,77,12,https://re.kufar.by/vi/1084064077,массовый тип площади; старые первыми; редкие и площади <30 м² защищены
212,1084192494,31.1,2026-09-07T04:39:40Z,44631,77,12,https://re.kufar.by/vi/1084192494,массовый тип площади; старые первыми; редкие и площади <30 м² защищены
213,1084192540,31.1,2026-09-07T04:41:47Z,44631,77,12,https://re.kufar.by/vi/1084192540,массовый тип площади; старые первыми; редкие и площади <30 м² защищены
214,1084192611,31.1,2026-09-07T04:43:58Z,44631,77,12,https://re.kufar.by/vi/1084192611,массовый тип площади; старые первыми; редкие и площади <30 м² защищены
215,1084192663,31.1,2026-09-07T04:45:57Z,44631,77,12,https://re.kufar.by/vi/1084192663,массовый тип площади; старые первыми; редкие и площади <30 м² защищены
216,1084314712,31.1,2026-09-08T05:47:13Z,44631,77,12,https://re.kufar.by/vi/1084314712,массовый тип площади; старые первыми; редкие и площади <30 м² защищены
217,1084314799,31.1,2026-09-08T05:49:01Z,44631,77,12,https://re.kufar.by/vi/1084314799,массовый тип площади; старые первыми; редкие и площади <30 м² защищены
218,1084316596,31.1,2026-09-08T06:15:03Z,44631,77,12,https://re.kufar.by/vi/1084316596,массовый тип площади; старые первыми; редкие и площади <30 м² защищены
219,1084570957,31.1,2026-09-10T04:14:37Z,44631,77,12,https://re.kufar.by/vi/1084570957,массовый тип площади; старые первыми; редкие и площади <30 м² защищены
220,1084571025,31.1,2026-09-10T04:17:40Z,44631,77,12,https://re.kufar.by/vi/1084571025,массовый тип площади; старые первыми; редкие и площади <30 м² защищены
221,1084571090,31.1,2026-09-10T04:19:44Z,44631,77,12,https://re.kufar.by/vi/1084571090,массовый тип площади; старые первыми; редкие и площади <30 м² защищены
222,1084571433,31.1,2026-09-10T04:24:30Z,44631,77,12,https://re.kufar.by/vi/1084571433,массовый тип площади; старые первыми; редкие и площади <30 м² защищены
223,1084571476,31.1,2026-09-10T04:26:48Z,44631,77,12,https://re.kufar.by/vi/1084571476,массовый тип площади; старые первыми; редкие и площади <30 м² защищены
224,1084571537,31.1,2026-09-10T04:29:10Z,44631,77,12,https://re.kufar.by/vi/1084571537,массовый тип площади; старые первыми; редкие и площади <30 м² защищены
225,1084571608,31.1,2026-09-10T04:31:36Z,44631,77,12,https://re.kufar.by/vi/1084571608,массовый тип площади; старые первыми; редкие и площади <30 м² защищены
226,1084905397,31.1,2026-09-13T03:53:24Z,44631,77,12,https://re.kufar.by/vi/1084905397,массовый тип площади; старые первыми; редкие и площади <30 м² защищены
227,1084905690,31.1,2026-09-13T03:56:13Z,44631,77,12,https://re.kufar.by/vi/1084905690,массовый тип площади; старые первыми; редкие и площади <30 м² защищены
228,1084907473,31.1,2026-09-13T03:58:39Z,44631,77,12,https://re.kufar.by/vi/1084907473,массовый тип площади; старые первыми; редкие и площади <30 м² защищены
229,1084910442,31.1,2026-09-13T04:02:06Z,44631,77,12,https://re.kufar.by/vi/1084910442,массовый тип площади; старые первыми; редкие и площади <30 м² защищены
230,1084917518,31.1,2026-09-13T04:10:01Z,44631,77,12,https://re.kufar.by/vi/1084917518,массовый тип площади; старые первыми; редкие и площади <30 м² защищены
231,1085185327,31.1,2026-09-15T05:07:18Z,44631,77,12,https://re.kufar.by/vi/1085185327,массовый тип площади; старые первыми; редкие и площади <30 м² защищены
232,1085185458,31.1,2026-09-15T05:10:16Z,44631,77,12,https://re.kufar.by/vi/1085185458,массовый тип площади; старые первыми; редкие и площади <30 м² защищены
233,1085316737,31.1,2026-09-16T04:49:17Z,44631,77,12,https://re.kufar.by/vi/1085316737,массовый тип площади; старые первыми; редкие и площади <30 м² защищены
234,1085316975,31.1,2026-09-16T04:56:15Z,44631,77,12,https://re.kufar.by/vi/1085316975,массовый тип площади; старые первыми; редкие и площади <30 м² защищены
235,1085317336,31.1,2026-09-16T05:06:22Z,44631,77,12,https://re.kufar.by/vi/1085317336,массовый тип площади; старые первыми; редкие и площади <30 м² защищены
236,1085317502,31.1,2026-09-16T05:10:51Z,44631,77,12,https://re.kufar.by/vi/1085317502,массовый тип площади; старые первыми; редкие и площади <30 м² защищены
237,1085317601,31.1,2026-09-16T05:13:02Z,44631,77,12,https://re.kufar.by/vi/1085317601,массовый тип площади; старые первыми; редкие и площади <30 м² защищены
238,1085444230,31.1,2026-09-17T06:50:15Z,44631,77,12,https://re.kufar.by/vi/1085444230,массовый тип площади; старые первыми; редкие и площади <30 м² защищены
239,1085444359,31.1,2026-09-17T06:51:59Z,44631,77,12,https://re.kufar.by/vi/1085444359,массовый тип площади; старые первыми; редкие и площади <30 м² защищены
240,1085444473,31.1,2026-09-17T06:53:33Z,44631,77,12,https://re.kufar.by/vi/1085444473,массовый тип площади; старые первыми; редкие и площади <30 м² защищены
241,1085597509,31.1,2026-09-18T12:09:45Z,44631,77,12,https://re.kufar.by/vi/1085597509,массовый тип площади; старые первыми; редкие и площади <30 м² защищены
242,1085597697,31.1,2026-09-18T12:12:05Z,44631,77,12,https://re.kufar.by/vi/1085597697,массовый тип площади; старые первыми; редкие и площади <30 м² защищены
243,1085801186,31.1,2026-09-20T04:31:20Z,44631,77,12,https://re.kufar.by/vi/1085801186,массовый тип площади; старые первыми; редкие и площади <30 м² защищены
244,1085801294,31.1,2026-09-20T04:34:47Z,44631,77,12,https://re.kufar.by/vi/1085801294,массовый тип площади; старые первыми; редкие и площади <30 м² защищены
245,1085801373,31.1,2026-09-20T04:38:06Z,44631,77,12,https://re.kufar.by/vi/1085801373,массовый тип площади; старые первыми; редкие и площади <30 м² защищены
246,1085801485,31.1,2026-09-20T04:40:58Z,44631,77,12,https://re.kufar.by/vi/1085801485,массовый тип площади; старые первыми; редкие и площади <30 м² защищены
247,1085801572,31.1,2026-09-20T04:45:32Z,44631,77,12,https://re.kufar.by/vi/1085801572,массовый тип площади; старые первыми; редкие и площади <30 м² защищены
248,1085924103,31.1,2026-09-21T05:07:22Z,44631,77,12,https://re.kufar.by/vi/1085924103,массовый тип площади; старые первыми; редкие и площади <30 м² защищены
249,1085924183,31.1,2026-09-21T05:09:14Z,44631,77,12,https://re.kufar.by/vi/1085924183,массовый тип площади; старые первыми; редкие и площади <30 м² защищены
250,1085924444,31.1,2026-09-21T05:11:50Z,44631,77,12,https://re.kufar.by/vi/1085924444,массовый тип площади; старые первыми; редкие и площади <30 м² защищены
251,1086049523,31.1,2026-09-22T04:11:21Z,44631,77,12,https://re.kufar.by/vi/1086049523,массовый тип площади; старые первыми; редкие и площади <30 м² защищены
252,1086049606,31.1,2026-09-22T04:15:15Z,44631,77,12,https://re.kufar.by/vi/1086049606,массовый тип площади; старые первыми; редкие и площади <30 м² защищены
253,1086049640,31.1,2026-09-22T04:16:53Z,44631,77,12,https://re.kufar.by/vi/1086049640,массовый тип площади; старые первыми; редкие и площади <30 м² защищены
254,1086049838,31.1,2026-09-22T04:21:58Z,44631,77,12,https://re.kufar.by/vi/1086049838,массовый тип площади; старые первыми; редкие и площади <30 м² защищены
255,1086049971,31.1,2026-09-22T04:28:32Z,45162,77,12,https://re.kufar.by/vi/1086049971,массовый тип площади; старые первыми; редкие и площади <30 м² защищены
256,1086291663,31.1,2026-09-24T04:22:46Z,44631,77,12,https://re.kufar.by/vi/1086291663,массовый тип площади; старые первыми; редкие и площади <30 м² защищены
257,1086291704,31.1,2026-09-24T04:25:15Z,44631,77,12,https://re.kufar.by/vi/1086291704,массовый тип площади; старые первыми; редкие и площади <30 м² защищены
258,1086291772,31.1,2026-09-24T04:28:15Z,44631,77,12,https://re.kufar.by/vi/1086291772,массовый тип площади; старые первыми; редкие и площади <30 м² защищены
259,1083499156,31.5,2026-09-02T02:28:31Z,45162,67,12,https://re.kufar.by/vi/1083499156,массовый тип площади; старые первыми; редкие и площади <30 м² защищены
260,1083499200,31.5,2026-09-02T02:30:16Z,45162,67,12,https://re.kufar.by/vi/1083499200,массовый тип площади; старые первыми; редкие и площади <30 м² защищены
261,1083499205,31.5,2026-09-02T02:32:02Z,45162,67,12,https://re.kufar.by/vi/1083499205,массовый тип площади; старые первыми; редкие и площади <30 м² защищены
262,1083499229,31.5,2026-09-02T02:34:07Z,45162,67,12,https://re.kufar.by/vi/1083499229,массовый тип площади; старые первыми; редкие и площади <30 м² защищены
263,1083499240,31.5,2026-09-02T02:36:12Z,45162,67,12,https://re.kufar.by/vi/1083499240,массовый тип площади; старые первыми; редкие и площади <30 м² защищены
264,1083499265,31.5,2026-09-02T02:41:54Z,45162,67,12,https://re.kufar.by/vi/1083499265,массовый тип площади; старые первыми; редкие и площади <30 м² защищены
265,1083499276,31.5,2026-09-02T02:44:00Z,44631,67,12,https://re.kufar.by/vi/1083499276,массовый тип площади; старые первыми; редкие и площади <30 м² защищены
266,1084552905,31.5,2026-09-10T03:18:33Z,45162,67,12,https://re.kufar.by/vi/1084552905,массовый тип площади; старые первыми; редкие и площади <30 м² защищены
267,1084552917,31.5,2026-09-10T03:20:24Z,45162,67,12,https://re.kufar.by/vi/1084552917,массовый тип площади; старые первыми; редкие и площади <30 м² защищены
268,1084552928,31.5,2026-09-10T03:22:15Z,45162,67,12,https://re.kufar.by/vi/1084552928,массовый тип площади; старые первыми; редкие и площади <30 м² защищены
269,1084554441,31.5,2026-09-10T03:24:06Z,45162,67,12,https://re.kufar.by/vi/1084554441,массовый тип площади; старые первыми; редкие и площади <30 м² защищены
270,1084554514,31.5,2026-09-10T03:32:20Z,45162,67,12,https://re.kufar.by/vi/1084554514,массовый тип площади; старые первыми; редкие и площади <30 м² защищены
271,1084841427,31.5,2026-09-12T12:09:54Z,45162,67,12,https://re.kufar.by/vi/1084841427,массовый тип площади; старые первыми; редкие и площади <30 м² защищены
272,1084841665,31.5,2026-09-12T12:12:13Z,45162,67,12,https://re.kufar.by/vi/1084841665,массовый тип площади; старые первыми; редкие и площади <30 м² защищены
273,1084841861,31.5,2026-09-12T12:14:23Z,45162,67,12,https://re.kufar.by/vi/1084841861,массовый тип площади; старые первыми; редкие и площади <30 м² защищены
274,1084842928,31.5,2026-09-12T12:18:12Z,45162,67,12,https://re.kufar.by/vi/1084842928,массовый тип площади; старые первыми; редкие и площади <30 м² защищены
275,1084921444,31.5,2026-09-13T04:16:18Z,45162,67,12,https://re.kufar.by/vi/1084921444,массовый тип площади; старые первыми; редкие и площади <30 м² защищены
276,1084921471,31.5,2026-09-13T04:18:09Z,45162,67,12,https://re.kufar.by/vi/1084921471,массовый тип площади; старые первыми; редкие и площади <30 м² защищены
277,1084921504,31.5,2026-09-13T04:20:10Z,45162,67,12,https://re.kufar.by/vi/1084921504,массовый тип площади; старые первыми; редкие и площади <30 м² защищены
278,1084921535,31.5,2026-09-13T04:22:01Z,45162,67,12,https://re.kufar.by/vi/1084921535,массовый тип площади; старые первыми; редкие и площади <30 м² защищены
279,1084921638,31.5,2026-09-13T04:25:26Z,45162,67,12,https://re.kufar.by/vi/1084921638,массовый тип площади; старые первыми; редкие и площади <30 м² защищены
280,1084921713,31.5,2026-09-13T04:29:58Z,45162,67,12,https://re.kufar.by/vi/1084921713,массовый тип площади; старые первыми; редкие и площади <30 м² защищены
281,1084921742,31.5,2026-09-13T04:31:35Z,45162,67,12,https://re.kufar.by/vi/1084921742,массовый тип площади; старые первыми; редкие и площади <30 м² защищены
282,1085319259,31.5,2026-09-16T05:43:14Z,45162,67,12,https://re.kufar.by/vi/1085319259,массовый тип площади; старые первыми; редкие и площади <30 м² защищены
283,1085319616,31.5,2026-09-16T05:47:02Z,45162,67,12,https://re.kufar.by/vi/1085319616,массовый тип площади; старые первыми; редкие и площади <30 м² защищены
284,1085319875,31.5,2026-09-16T05:51:37Z,45162,67,12,https://re.kufar.by/vi/1085319875,массовый тип площади; старые первыми; редкие и площади <30 м² защищены
285,1085437591,31.5,2026-09-17T05:24:59Z,49628,67,12,https://re.kufar.by/vi/1085437591,массовый тип площади; старые первыми; редкие и площади <30 м² защищены
286,1085437975,31.5,2026-09-17T05:27:10Z,49628,67,12,https://re.kufar.by/vi/1085437975,массовый тип площади; старые первыми; редкие и площади <30 м² защищены
287,1085784788,31.5,2026-09-20T03:46:29Z,45162,67,12,https://re.kufar.by/vi/1085784788,массовый тип площади; старые первыми; редкие и площади <30 м² защищены
288,1085789130,31.5,2026-09-20T03:51:09Z,45162,67,12,https://re.kufar.by/vi/1085789130,массовый тип площади; старые первыми; редкие и площади <30 м² защищены
289,1085794858,31.5,2026-09-20T03:57:01Z,45162,67,12,https://re.kufar.by/vi/1085794858,массовый тип площади; старые первыми; редкие и площади <30 м² защищены
290,1085798443,31.5,2026-09-20T04:00:39Z,45162,67,12,https://re.kufar.by/vi/1085798443,массовый тип площади; старые первыми; редкие и площади <30 м² защищены
291,1085800557,31.5,2026-09-20T04:03:42Z,45162,67,12,https://re.kufar.by/vi/1085800557,массовый тип площади; старые первыми; редкие и площади <30 м² защищены
292,1085800597,31.5,2026-09-20T04:06:28Z,45162,67,12,https://re.kufar.by/vi/1085800597,массовый тип площади; старые первыми; редкие и площади <30 м² защищены
293,1085800659,31.5,2026-09-20T04:10:45Z,45162,67,12,https://re.kufar.by/vi/1085800659,массовый тип площади; старые первыми; редкие и площади <30 м² защищены
294,1086049890,31.5,2026-09-22T04:24:22Z,45162,67,12,https://re.kufar.by/vi/1086049890,массовый тип площади; старые первыми; редкие и площади <30 м² защищены
295,1086282834,31.5,2026-09-24T03:57:59Z,45162,67,12,https://re.kufar.by/vi/1086282834,массовый тип площади; старые первыми; редкие и площади <30 м² защищены
296,1086283914,31.5,2026-09-24T03:59:35Z,45162,67,12,https://re.kufar.by/vi/1086283914,массовый тип площади; старые первыми; редкие и площади <30 м² защищены
297,1086284984,31.5,2026-09-24T04:01:17Z,45162,67,12,https://re.kufar.by/vi/1086284984,массовый тип площади; старые первыми; редкие и площади <30 м² защищены
298,1086287236,31.5,2026-09-24T04:04:10Z,45162,67,12,https://re.kufar.by/vi/1086287236,массовый тип площади; старые первыми; редкие и площади <30 м² защищены
299,1086288899,31.5,2026-09-24T04:06:57Z,45162,67,12,https://re.kufar.by/vi/1086288899,массовый тип площади; старые первыми; редкие и площади <30 м² защищены
300,1086289814,31.5,2026-09-24T04:08:46Z,45162,67,12,https://re.kufar.by/vi/1086289814,массовый тип площади; старые первыми; редкие и площади <30 м² защищены
301,1086559777,31.5,2026-09-26T04:00:06Z,45162,67,12,https://re.kufar.by/vi/1086559777,массовый тип площади; старые первыми; редкие и площади <30 м² защищены
302,1086562041,31.5,2026-09-26T04:03:32Z,45162,67,12,https://re.kufar.by/vi/1086562041,массовый тип площади; старые первыми; редкие и площади <30 м² защищены
303,1086562092,31.5,2026-09-26T04:06:41Z,45162,67,12,https://re.kufar.by/vi/1086562092,массовый тип площади; старые первыми; редкие и площади <30 м² защищены
304,1086562120,31.5,2026-09-26T04:08:47Z,45162,67,12,https://re.kufar.by/vi/1086562120,массовый тип площади; старые первыми; редкие и площади <30 м² защищены
305,1086562154,31.5,2026-09-26T04:11:11Z,45162,67,12,https://re.kufar.by/vi/1086562154,массовый тип площади; старые первыми; редкие и площади <30 м² защищены
306,1086562181,31.5,2026-09-26T04:12:35Z,45162,67,12,https://re.kufar.by/vi/1086562181,массовый тип площади; старые первыми; редкие и площади <30 м² защищены
307,1086562459,31.5,2026-09-26T04:16:33Z,45162,67,12,https://re.kufar.by/vi/1086562459,массовый тип площади; старые первыми; редкие и площади <30 м² защищены
308,1086684607,31.5,2026-09-27T05:56:45Z,45162,67,12,https://re.kufar.by/vi/1086684607,массовый тип площади; старые первыми; редкие и площади <30 м² защищены
309,1086684654,31.5,2026-09-27T05:58:16Z,45162,67,12,https://re.kufar.by/vi/1086684654,массовый тип площади; старые первыми; редкие и площади <30 м² защищены
310,1086684723,31.5,2026-09-27T05:59:59Z,45162,67,12,https://re.kufar.by/vi/1086684723,массовый тип площади; старые первыми; редкие и площади <30 м² защищены
311,1086684828,31.5,2026-09-27T06:02:31Z,45162,67,12,https://re.kufar.by/vi/1086684828,массовый тип площади; старые первыми; редкие и площади <30 м² защищены
312,1086684993,31.5,2026-09-27T06:06:11Z,45162,67,12,https://re.kufar.by/vi/1086684993,массовый тип площади; старые первыми; редкие и площади <30 м² защищены
313,1086685073,31.5,2026-09-27T06:07:50Z,45162,67,12,https://re.kufar.by/vi/1086685073,массовый тип площади; старые первыми; редкие и площади <30 м² защищены
314,1081952978,44,2026-08-21T10:29:40Z,50665,41,12,https://re.kufar.by/vi/1081952978,массовый тип площади; старые первыми; редкие и площади <30 м² защищены
315,1084220103,44,2026-09-07T09:20:31Z,50665,41,12,https://re.kufar.by/vi/1084220103,массовый тип площади; старые первыми; редкие и площади <30 м² защищены
316,1084422170,44,2026-09-09T03:26:38Z,50665,41,12,https://re.kufar.by/vi/1084422170,массовый тип площади; старые первыми; редкие и площади <30 м² защищены
317,1084422314,44,2026-09-09T03:36:12Z,50665,41,12,https://re.kufar.by/vi/1084422314,массовый тип площади; старые первыми; редкие и площади <30 м² защищены
318,1084923130,44,2026-09-13T05:24:28Z,50665,41,12,https://re.kufar.by/vi/1084923130,массовый тип площади; старые первыми; редкие и площади <30 м² защищены
319,1085031823,44,2026-09-14T01:35:18Z,50665,41,12,https://re.kufar.by/vi/1085031823,массовый тип площади; старые первыми; редкие и площади <30 м² защищены
320,1085031826,44,2026-09-14T01:37:06Z,50665,41,12,https://re.kufar.by/vi/1085031826,массовый тип площади; старые первыми; редкие и площади <30 м² защищены
321,1085031830,44,2026-09-14T01:40:10Z,50665,41,12,https://re.kufar.by/vi/1085031830,массовый тип площади; старые первыми; редкие и площади <30 м² защищены
322,1085100557,44,2026-09-14T13:23:09Z,50665,41,12,https://re.kufar.by/vi/1085100557,массовый тип площади; старые первыми; редкие и площади <30 м² защищены
323,1085102749,44,2026-09-14T13:44:07Z,50665,41,12,https://re.kufar.by/vi/1085102749,массовый тип площади; старые первыми; редкие и площади <30 м² защищены
324,1085450569,44,2026-09-17T07:46:55Z,50665,41,12,https://re.kufar.by/vi/1085450569,массовый тип площади; старые первыми; редкие и площади <30 м² защищены
325,1085450684,44,2026-09-17T07:49:07Z,50665,41,12,https://re.kufar.by/vi/1085450684,массовый тип площади; старые первыми; редкие и площади <30 м² защищены
326,1085451363,44,2026-09-17T07:50:40Z,50665,41,12,https://re.kufar.by/vi/1085451363,массовый тип площади; старые первыми; редкие и площади <30 м² защищены
327,1085546854,44,2026-09-18T03:56:57Z,50665,41,12,https://re.kufar.by/vi/1085546854,массовый тип площади; старые первыми; редкие и площади <30 м² защищены
328,1085548692,44,2026-09-18T03:58:43Z,50665,41,12,https://re.kufar.by/vi/1085548692,массовый тип площади; старые первыми; редкие и площади <30 м² защищены
329,1085694678,44,2026-09-19T07:11:14Z,50665,41,12,https://re.kufar.by/vi/1085694678,массовый тип площади; старые первыми; редкие и площади <30 м² защищены
330,1085694876,44,2026-09-19T07:14:02Z,50665,41,12,https://re.kufar.by/vi/1085694876,массовый тип площади; старые первыми; редкие и площади <30 м² защищены
331,1085696438,44,2026-09-19T07:24:16Z,50665,41,12,https://re.kufar.by/vi/1085696438,массовый тип площади; старые первыми; редкие и площади <30 м² защищены
332,1086166545,44,2026-09-23T06:11:50Z,50665,41,12,https://re.kufar.by/vi/1086166545,массовый тип площади; старые первыми; редкие и площади <30 м² защищены
333,1086504141,44,2026-09-25T14:33:04Z,50665,41,12,https://re.kufar.by/vi/1086504141,массовый тип площади; старые первыми; редкие и площади <30 м² защищены
334,1086504360,44,2026-09-25T14:35:39Z,50665,41,12,https://re.kufar.by/vi/1086504360,массовый тип площади; старые первыми; редкие и площади <30 м² защищены
335,1086507688,44,2026-09-25T15:15:47Z,50665,41,12,https://re.kufar.by/vi/1086507688,массовый тип площади; старые первыми; редкие и площади <30 м² защищены
336,1086507822,44,2026-09-25T15:17:20Z,50665,41,12,https://re.kufar.by/vi/1086507822,массовый тип площади; старые первыми; редкие и площади <30 м² защищены
337,1086508036,44,2026-09-25T15:19:22Z,50665,41,12,https://re.kufar.by/vi/1086508036,массовый тип площади; старые первыми; редкие и площади <30 м² защищены
338,1086565177,44,2026-09-26T05:20:34Z,50665,41,12,https://re.kufar.by/vi/1086565177,массовый тип площади; старые первыми; редкие и площади <30 м² защищены
339,1086426047,44,2026-09-26T06:58:12Z,50665,41,12,https://re.kufar.by/vi/1086426047,массовый тип площади; старые первыми; редкие и площади <30 м² защищены
340,1086803977,44,2026-09-28T04:50:11Z,50665,41,12,https://re.kufar.by/vi/1086803977,массовый тип площади; старые первыми; редкие и площади <30 м² защищены
341,1087110694,44,2026-09-30T04:40:49Z,50665,41,12,https://re.kufar.by/vi/1087110694,массовый тип площади; старые первыми; редкие и площади <30 м² защищены
342,1087154830,44,2026-09-30T08:21:30Z,50665,41,12,https://re.kufar.by/vi/1087154830,массовый тип площади; старые первыми; редкие и площади <30 м² защищены
343,1085434546,30.7,2026-09-17T04:37:57Z,48353,40,12,https://re.kufar.by/vi/1085434546,массовый тип площади; старые первыми; редкие и площади <30 м² защищены
344,1086415150,30.7,2026-09-25T03:52:30Z,48353,40,12,https://re.kufar.by/vi/1086415150,массовый тип площади; старые первыми; редкие и площади <30 м² защищены
345,1086419476,30.7,2026-09-25T03:57:08Z,48353,40,12,https://re.kufar.by/vi/1086419476,массовый тип площади; старые первыми; редкие и площади <30 м² защищены
346,1086421352,30.7,2026-09-25T03:59:09Z,48353,40,12,https://re.kufar.by/vi/1086421352,массовый тип площади; старые первыми; редкие и площади <30 м² защищены
347,1086423383,30.7,2026-09-25T04:01:24Z,48353,40,12,https://re.kufar.by/vi/1086423383,массовый тип площади; старые первыми; редкие и площади <30 м² защищены
348,1086425266,30.7,2026-09-25T04:03:20Z,48353,40,12,https://re.kufar.by/vi/1086425266,массовый тип площади; старые первыми; редкие и площади <30 м² защищены
349,1086425313,30.7,2026-09-25T04:05:15Z,48353,40,12,https://re.kufar.by/vi/1086425313,массовый тип площади; старые первыми; редкие и площади <30 м² защищены
350,1086563276,30.7,2026-09-26T04:43:56Z,48353,40,12,https://re.kufar.by/vi/1086563276,массовый тип площади; старые первыми; редкие и площади <30 м² защищены
351,1086563843,30.7,2026-09-26T04:55:38Z,48353,40,12,https://re.kufar.by/vi/1086563843,массовый тип площади; старые первыми; редкие и площади <30 м² защищены
352,1086564022,30.7,2026-09-26T05:02:57Z,48353,40,12,https://re.kufar.by/vi/1086564022,массовый тип площади; старые первыми; редкие и площади <30 м² защищены
353,1086564135,30.7,2026-09-26T05:07:10Z,48353,40,12,https://re.kufar.by/vi/1086564135,массовый тип площади; старые первыми; редкие и площади <30 м² защищены
354,1086564188,30.7,2026-09-26T05:09:19Z,48353,40,12,https://re.kufar.by/vi/1086564188,массовый тип площади; старые первыми; редкие и площади <30 м² защищены
355,1086564290,30.7,2026-09-26T05:13:01Z,48353,40,12,https://re.kufar.by/vi/1086564290,массовый тип площади; старые первыми; редкие и площади <30 м² защищены
356,1086685617,30.7,2026-09-27T06:19:12Z,48353,40,12,https://re.kufar.by/vi/1086685617,массовый тип площади; старые первыми; редкие и площади <30 м² защищены
357,1086685901,30.7,2026-09-27T06:23:12Z,48353,40,12,https://re.kufar.by/vi/1086685901,массовый тип площади; старые первыми; редкие и площади <30 м² защищены
358,1086686148,30.7,2026-09-27T06:27:35Z,48353,40,12,https://re.kufar.by/vi/1086686148,массовый тип площади; старые первыми; редкие и площади <30 м² защищены
359,1086686735,30.7,2026-09-27T06:37:44Z,48353,40,12,https://re.kufar.by/vi/1086686735,массовый тип площади; старые первыми; редкие и площади <30 м² защищены
360,1086687321,30.7,2026-09-27T06:48:00Z,48353,40,12,https://re.kufar.by/vi/1086687321,массовый тип площади; старые первыми; редкие и площади <30 м² защищены
361,1086701773,30.7,2026-09-27T08:47:57Z,48353,40,12,https://re.kufar.by/vi/1086701773,массовый тип площади; старые первыми; редкие и площади <30 м² защищены
362,1086799446,30.7,2026-09-28T04:00:27Z,48353,40,12,https://re.kufar.by/vi/1086799446,массовый тип площади; старые первыми; редкие и площади <30 м² защищены
363,1086801161,30.7,2026-09-28T04:02:08Z,48353,40,12,https://re.kufar.by/vi/1086801161,массовый тип площади; старые первыми; редкие и площади <30 м² защищены
364,1086802922,30.7,2026-09-28T04:04:19Z,48353,40,12,https://re.kufar.by/vi/1086802922,массовый тип площади; старые первыми; редкие и площади <30 м² защищены
365,1086803050,30.7,2026-09-28T04:12:23Z,48353,40,12,https://re.kufar.by/vi/1086803050,массовый тип площади; старые первыми; редкие и площади <30 м² защищены
366,1086803113,30.7,2026-09-28T04:16:31Z,48353,40,12,https://re.kufar.by/vi/1086803113,массовый тип площади; старые первыми; редкие и площади <30 м² защищены
367,1087420201,30.7,2026-10-02T03:51:10Z,48353,40,12,https://re.kufar.by/vi/1087420201,массовый тип площади; старые первыми; редкие и площади <30 м² защищены
368,1087421950,30.7,2026-10-02T03:53:06Z,48353,40,12,https://re.kufar.by/vi/1087421950,массовый тип площади; старые первыми; редкие и площади <30 м² защищены
369,1087426299,30.7,2026-10-02T03:58:00Z,48353,40,12,https://re.kufar.by/vi/1087426299,массовый тип площади; старые первыми; редкие и площади <30 м² защищены
370,1087574124,30.7,2026-10-03T07:20:18Z,48353,40,12,https://re.kufar.by/vi/1087574124,массовый тип площади; старые первыми; редкие и площади <30 м² защищены
371,1082961383,44.1,2026-08-28T14:14:53Z,50815,36,8,https://re.kufar.by/vi/1082961383,массовый тип площади; старые первыми; редкие и площади <30 м² защищены
372,1082961520,44.1,2026-08-28T14:16:41Z,50815,36,8,https://re.kufar.by/vi/1082961520,массовый тип площади; старые первыми; редкие и площади <30 м² защищены
373,1082964568,44.1,2026-08-28T14:56:41Z,50964,36,8,https://re.kufar.by/vi/1082964568,массовый тип площади; старые первыми; редкие и площади <30 м² защищены
374,1083447543,44.1,2026-09-01T13:56:43Z,50815,36,8,https://re.kufar.by/vi/1083447543,массовый тип площади; старые первыми; редкие и площади <30 м² защищены
375,1083447697,44.1,2026-09-01T13:58:53Z,50815,36,8,https://re.kufar.by/vi/1083447697,массовый тип площади; старые первыми; редкие и площади <30 м² защищены
376,1083447867,44.1,2026-09-01T14:00:47Z,50815,36,8,https://re.kufar.by/vi/1083447867,массовый тип площади; старые первыми; редкие и площади <30 м² защищены
377,1084079987,44.1,2026-09-06T08:30:41Z,50815,36,8,https://re.kufar.by/vi/1084079987,массовый тип площади; старые первыми; редкие и площади <30 м² защищены
378,1084080990,44.1,2026-09-06T08:40:08Z,50815,36,8,https://re.kufar.by/vi/1084080990,массовый тип площади; старые первыми; редкие и площади <30 м² защищены
379,1084081220,44.1,2026-09-06T08:41:35Z,50815,36,8,https://re.kufar.by/vi/1084081220,массовый тип площади; старые первыми; редкие и площади <30 м² защищены
380,1084220344,44.1,2026-09-07T09:23:07Z,50815,36,8,https://re.kufar.by/vi/1084220344,массовый тип площади; старые первыми; редкие и площади <30 м² защищены
381,1084220543,44.1,2026-09-07T09:25:10Z,50815,36,8,https://re.kufar.by/vi/1084220543,массовый тип площади; старые первыми; редкие и площади <30 м² защищены
382,1084220691,44.1,2026-09-07T09:26:48Z,50815,36,8,https://re.kufar.by/vi/1084220691,массовый тип площади; старые первыми; редкие и площади <30 м² защищены
383,1084422397,44.1,2026-09-09T03:44:00Z,50815,36,8,https://re.kufar.by/vi/1084422397,массовый тип площади; старые первыми; редкие и площади <30 м² защищены
384,1084422457,44.1,2026-09-09T03:48:37Z,50815,36,8,https://re.kufar.by/vi/1084422457,массовый тип площади; старые первыми; редкие и площади <30 м² защищены
385,1084422478,44.1,2026-09-09T03:50:38Z,50815,36,8,https://re.kufar.by/vi/1084422478,массовый тип площади; старые первыми; редкие и площади <30 м² защищены
386,1085554415,44.1,2026-09-18T04:05:56Z,50815,36,8,https://re.kufar.by/vi/1085554415,массовый тип площади; старые первыми; редкие и площади <30 м² защищены
387,1085554493,44.1,2026-09-18T04:09:01Z,50815,36,8,https://re.kufar.by/vi/1085554493,массовый тип площади; старые первыми; редкие и площади <30 м² защищены
388,1086166996,44.1,2026-09-23T06:18:35Z,50815,36,8,https://re.kufar.by/vi/1086166996,массовый тип площади; старые первыми; редкие и площади <30 м² защищены
389,1086293354,44.1,2026-09-24T05:07:33Z,50815,36,8,https://re.kufar.by/vi/1086293354,массовый тип площади; старые первыми; редкие и площади <30 м² защищены
390,1086293413,44.1,2026-09-24T05:09:25Z,50815,36,8,https://re.kufar.by/vi/1086293413,массовый тип площади; старые первыми; редкие и площади <30 м² защищены
391,1086565487,44.1,2026-09-26T05:29:02Z,50815,36,8,https://re.kufar.by/vi/1086565487,массовый тип площади; старые первыми; редкие и площади <30 м² защищены
392,1086565606,44.1,2026-09-26T05:32:01Z,50815,36,8,https://re.kufar.by/vi/1086565606,массовый тип площади; старые первыми; редкие и площади <30 м² защищены
393,1086804117,44.1,2026-09-28T04:54:31Z,50815,36,8,https://re.kufar.by/vi/1086804117,массовый тип площади; старые первыми; редкие и площади <30 м² защищены
394,1086804155,44.1,2026-09-28T04:55:37Z,50815,36,8,https://re.kufar.by/vi/1086804155,массовый тип площади; старые первыми; редкие и площади <30 м² защищены
395,1086804219,44.1,2026-09-28T04:57:35Z,50815,36,8,https://re.kufar.by/vi/1086804219,массовый тип площади; старые первыми; редкие и площади <30 м² защищены
396,1086855127,44.1,2026-09-28T13:55:03Z,50815,36,8,https://re.kufar.by/vi/1086855127,массовый тип площади; старые первыми; редкие и площади <30 м² защищены
397,1087155599,44.1,2026-09-30T08:31:25Z,50815,36,8,https://re.kufar.by/vi/1087155599,массовый тип площади; старые первыми; редкие и площади <30 м² защищены
398,1087155739,44.1,2026-09-30T08:33:40Z,50815,36,8,https://re.kufar.by/vi/1087155739,массовый тип площади; старые первыми; редкие и площади <30 м² защищены
399,1083380488,30.2,2026-09-01T03:40:39Z,45315,32,8,https://re.kufar.by/vi/1083380488,массовый тип площади; старые первыми; редкие и площади <30 м² защищены
400,1083380548,30.2,2026-09-01T03:45:32Z,45315,32,8,https://re.kufar.by/vi/1083380548,массовый тип площади; старые первыми; редкие и площади <30 м² защищены
401,1083380580,30.2,2026-09-01T03:47:53Z,45315,32,8,https://re.kufar.by/vi/1083380580,массовый тип площади; старые первыми; редкие и площади <30 м² защищены
402,1083380645,30.2,2026-09-01T03:52:33Z,45315,32,8,https://re.kufar.by/vi/1083380645,массовый тип площади; старые первыми; редкие и площади <30 м² защищены
403,1083380796,30.2,2026-09-01T03:55:43Z,45315,32,8,https://re.kufar.by/vi/1083380796,массовый тип площади; старые первыми; редкие и площади <30 м² защищены
404,1083382143,30.2,2026-09-01T03:57:29Z,45315,32,8,https://re.kufar.by/vi/1083382143,массовый тип площади; старые первыми; редкие и площади <30 м² защищены
405,1083499387,30.2,2026-09-02T02:58:05Z,45315,32,8,https://re.kufar.by/vi/1083499387,массовый тип площади; старые первыми; редкие и площади <30 м² защищены
406,1083499513,30.2,2026-09-02T03:00:39Z,45315,32,8,https://re.kufar.by/vi/1083499513,массовый тип площади; старые первыми; редкие и площади <30 м² защищены
407,1083499521,30.2,2026-09-02T03:02:22Z,45315,32,8,https://re.kufar.by/vi/1083499521,массовый тип площади; старые первыми; редкие и площади <30 м² защищены
408,1083499895,30.2,2026-09-02T03:05:10Z,45315,32,8,https://re.kufar.by/vi/1083499895,массовый тип площади; старые первыми; редкие и площади <30 м² защищены
409,1083499906,30.2,2026-09-02T03:07:13Z,45315,32,8,https://re.kufar.by/vi/1083499906,массовый тип площади; старые первыми; редкие и площади <30 м² защищены
410,1084554540,30.2,2026-09-10T03:34:41Z,45315,32,8,https://re.kufar.by/vi/1084554540,массовый тип площади; старые первыми; редкие и площади <30 м² защищены
411,1084554557,30.2,2026-09-10T03:36:03Z,45315,32,8,https://re.kufar.by/vi/1084554557,массовый тип площади; старые первыми; редкие и площади <30 м² защищены
412,1084554699,30.2,2026-09-10T03:51:13Z,45315,32,8,https://re.kufar.by/vi/1084554699,массовый тип площади; старые первыми; редкие и площади <30 м² защищены
413,1084557019,30.2,2026-09-10T03:56:17Z,45315,32,8,https://re.kufar.by/vi/1084557019,массовый тип площади; старые первыми; редкие и площади <30 м² защищены
414,1084558749,30.2,2026-09-10T03:58:10Z,45315,32,8,https://re.kufar.by/vi/1084558749,массовый тип площади; старые первыми; редкие и площади <30 м² защищены
415,1084563208,30.2,2026-09-10T04:02:41Z,45315,32,8,https://re.kufar.by/vi/1084563208,массовый тип площади; старые первыми; редкие и площади <30 м² защищены
416,1084845716,30.2,2026-09-12T12:45:47Z,45315,32,8,https://re.kufar.by/vi/1084845716,массовый тип площади; старые первыми; редкие и площади <30 м² защищены
417,1084846099,30.2,2026-09-12T12:50:01Z,45315,32,8,https://re.kufar.by/vi/1084846099,массовый тип площади; старые первыми; редкие и площади <30 м² защищены
418,1084921823,30.2,2026-09-13T04:36:24Z,45315,32,8,https://re.kufar.by/vi/1084921823,массовый тип площади; старые первыми; редкие и площади <30 м² защищены
419,1084921856,30.2,2026-09-13T04:38:15Z,45315,32,8,https://re.kufar.by/vi/1084921856,массовый тип площади; старые первыми; редкие и площади <30 м² защищены
420,1084921988,30.2,2026-09-13T04:40:44Z,45315,32,8,https://re.kufar.by/vi/1084921988,массовый тип площади; старые первыми; редкие и площади <30 м² защищены
421,1084922121,30.2,2026-09-13T04:46:52Z,45315,32,8,https://re.kufar.by/vi/1084922121,массовый тип площади; старые первыми; редкие и площади <30 м² защищены
422,1084922172,30.2,2026-09-13T04:48:53Z,45315,32,8,https://re.kufar.by/vi/1084922172,массовый тип площади; старые первыми; редкие и площади <30 м² защищены
423,1082299933,45.3,2026-08-24T05:31:31Z,59117,30,8,https://re.kufar.by/vi/1082299933,массовый тип площади; старые первыми; редкие и площади <30 м² защищены
424,1084082831,45.3,2026-09-06T08:54:46Z,50694,30,8,https://re.kufar.by/vi/1084082831,массовый тип площади; старые первыми; редкие и площади <30 м² защищены
425,1084083025,45.3,2026-09-06T08:56:23Z,50964,30,8,https://re.kufar.by/vi/1084083025,массовый тип площади; старые первыми; редкие и площади <30 м² защищены
426,1085103211,45.3,2026-09-14T13:48:04Z,52531,30,8,https://re.kufar.by/vi/1085103211,массовый тип площади; старые первыми; редкие и площади <30 м² защищены
427,1085554797,45.3,2026-09-18T04:19:26Z,52232,30,8,https://re.kufar.by/vi/1085554797,массовый тип площади; старые первыми; редкие и площади <30 м² защищены
428,1085696919,45.3,2026-09-19T07:28:36Z,52232,30,8,https://re.kufar.by/vi/1085696919,массовый тип площади; старые первыми; редкие и площади <30 м² защищены
429,1085803439,45.3,2026-09-20T05:34:59Z,52232,30,8,https://re.kufar.by/vi/1085803439,массовый тип площади; старые первыми; редкие и площади <30 м² защищены
430,1086049405,45.3,2026-09-22T04:06:41Z,52232,30,8,https://re.kufar.by/vi/1086049405,массовый тип площади; старые первыми; редкие и площади <30 м² защищены
431,1086176121,45.3,2026-09-23T07:59:40Z,52232,30,8,https://re.kufar.by/vi/1086176121,массовый тип площади; старые первыми; редкие и площади <30 м² защищены
432,1086176609,45.3,2026-09-23T08:04:17Z,52232,30,8,https://re.kufar.by/vi/1086176609,массовый тип площади; старые первыми; редкие и площади <30 м² защищены
433,1086293485,45.3,2026-09-24T05:11:10Z,52232,30,8,https://re.kufar.by/vi/1086293485,массовый тип площади; старые первыми; редкие и площади <30 м² защищены
434,1085587936,45.3,2026-09-25T10:49:39Z,52232,30,8,https://re.kufar.by/vi/1085587936,массовый тип площади; старые первыми; редкие и площади <30 м² защищены
435,1086504580,45.3,2026-09-25T14:37:54Z,52232,30,8,https://re.kufar.by/vi/1086504580,массовый тип площади; старые первыми; редкие и площади <30 м² защищены
436,1086508260,45.3,2026-09-25T15:21:09Z,52232,30,8,https://re.kufar.by/vi/1086508260,массовый тип площади; старые первыми; редкие и площади <30 м² защищены
437,1086566028,45.3,2026-09-26T05:41:57Z,52232,30,8,https://re.kufar.by/vi/1086566028,массовый тип площади; старые первыми; редкие и площади <30 м² защищены
438,1086804828,45.3,2026-09-28T05:03:11Z,52232,30,8,https://re.kufar.by/vi/1086804828,массовый тип площади; старые первыми; редкие и площади <30 м² защищены
439,1086806050,45.3,2026-09-28T05:30:07Z,52232,30,8,https://re.kufar.by/vi/1086806050,массовый тип площади; старые первыми; редкие и площади <30 м² защищены
440,1086806349,45.3,2026-09-28T05:36:03Z,52232,30,8,https://re.kufar.by/vi/1086806349,массовый тип площади; старые первыми; редкие и площади <30 м² защищены
441,1086855273,45.3,2026-09-28T13:56:41Z,52232,30,8,https://re.kufar.by/vi/1086855273,массовый тип площади; старые первыми; редкие и площади <30 м² защищены
442,1086856378,45.3,2026-09-28T14:09:44Z,52232,30,8,https://re.kufar.by/vi/1086856378,массовый тип площади; старые первыми; редкие и площади <30 м² защищены
443,1086948967,45.3,2026-09-29T04:49:49Z,52232,30,8,https://re.kufar.by/vi/1086948967,массовый тип площади; старые первыми; редкие и площади <30 м² защищены
444,1087156014,45.3,2026-09-30T08:37:24Z,52232,30,8,https://re.kufar.by/vi/1087156014,массовый тип площади; старые первыми; редкие и площади <30 м² защищены
445,1084125888,48.6,2026-09-06T14:02:19Z,101380,20,8,https://re.kufar.by/vi/1084125888,массовый тип площади; старые первыми; редкие и площади <30 м² защищены
446,1084126189,48.6,2026-09-06T14:04:54Z,101380,20,8,https://re.kufar.by/vi/1084126189,массовый тип площади; старые первыми; редкие и площади <30 м² защищены
447,1084292037,48.6,2026-09-08T02:55:58Z,56459,20,8,https://re.kufar.by/vi/1084292037,массовый тип площади; старые первыми; редкие и площади <30 м² защищены
448,1084292059,48.6,2026-09-08T02:58:24Z,56459,20,8,https://re.kufar.by/vi/1084292059,массовый тип площади; старые первыми; редкие и площади <30 м² защищены
449,1084292069,48.6,2026-09-08T03:00:08Z,56459,20,8,https://re.kufar.by/vi/1084292069,массовый тип площади; старые первыми; редкие и площади <30 м² защищены
450,1084292106,48.6,2026-09-08T03:02:48Z,56459,20,8,https://re.kufar.by/vi/1084292106,массовый тип площади; старые первыми; редкие и площади <30 м² защищены
451,1084830145,48.6,2026-09-12T10:13:32Z,56459,20,8,https://re.kufar.by/vi/1084830145,массовый тип площади; старые первыми; редкие и площади <30 м² защищены
452,1084830287,48.6,2026-09-12T10:15:06Z,56459,20,8,https://re.kufar.by/vi/1084830287,массовый тип площади; старые первыми; редкие и площади <30 м² защищены
453,1084830497,48.6,2026-09-12T10:17:22Z,56459,20,8,https://re.kufar.by/vi/1084830497,массовый тип площади; старые первыми; редкие и площади <30 м² защищены
454,1084832621,48.6,2026-09-12T10:40:10Z,56459,20,8,https://re.kufar.by/vi/1084832621,массовый тип площади; старые первыми; редкие и площади <30 м² защищены
455,1085439977,48.6,2026-09-17T05:53:16Z,56459,20,8,https://re.kufar.by/vi/1085439977,массовый тип площади; старые первыми; редкие и площади <30 м² защищены
456,1085440078,48.6,2026-09-17T05:55:06Z,56297,20,8,https://re.kufar.by/vi/1085440078,массовый тип площади; старые первыми; редкие и площади <30 м² защищены
457,1082966045,44.2,2026-08-28T15:16:43Z,50964,16,5,https://re.kufar.by/vi/1082966045,массовый тип площади; старые первыми; редкие и площади <30 м² защищены
458,1082966202,44.2,2026-08-28T15:18:47Z,50964,16,5,https://re.kufar.by/vi/1082966202,массовый тип площади; старые первыми; редкие и площади <30 м² защищены
459,1083448009,44.2,2026-09-01T14:02:38Z,50964,16,5,https://re.kufar.by/vi/1083448009,массовый тип площади; старые первыми; редкие и площади <30 м² защищены
460,1083448103,44.2,2026-09-01T14:04:08Z,50964,16,5,https://re.kufar.by/vi/1083448103,массовый тип площади; старые первыми; редкие и площади <30 м² защищены
461,1084081803,44.2,2026-09-06T08:46:33Z,50964,16,5,https://re.kufar.by/vi/1084081803,массовый тип площади; старые первыми; редкие и площади <30 м² защищены
462,1084220932,44.2,2026-09-07T09:29:14Z,50964,16,5,https://re.kufar.by/vi/1084220932,массовый тип площади; старые первыми; редкие и площади <30 м² защищены
463,1084822804,44.2,2026-09-12T08:55:54Z,50964,16,5,https://re.kufar.by/vi/1084822804,массовый тип площади; старые первыми; редкие и площади <30 м² защищены
464,1085554540,44.2,2026-09-18T04:11:04Z,50964,16,5,https://re.kufar.by/vi/1085554540,массовый тип площади; старые первыми; редкие и площади <30 м² защищены
465,1086565738,44.2,2026-09-26T05:35:31Z,50964,16,5,https://re.kufar.by/vi/1086565738,массовый тип площади; старые первыми; редкие и площади <30 м² защищены
466,1086804437,44.2,2026-09-28T04:59:24Z,50964,16,5,https://re.kufar.by/vi/1086804437,массовый тип площади; старые первыми; редкие и площади <30 м² защищены
467,1086804781,44.2,2026-09-28T05:01:34Z,50964,16,5,https://re.kufar.by/vi/1086804781,массовый тип площади; старые первыми; редкие и площади <30 м² защищены
468,1084786433,30.9,2026-09-12T03:58:03Z,48620,13,5,https://re.kufar.by/vi/1084786433,массовый тип площади; старые первыми; редкие и площади <30 м² защищены
469,1084792874,30.9,2026-09-12T04:04:53Z,48620,13,5,https://re.kufar.by/vi/1084792874,массовый тип площади; старые первыми; редкие и площади <30 м² защищены
470,1085165747,30.9,2026-09-15T03:27:00Z,48620,13,5,https://re.kufar.by/vi/1085165747,массовый тип площади; старые первыми; редкие и площади <30 м² защищены
471,1085167495,30.9,2026-09-15T03:52:23Z,48620,13,5,https://re.kufar.by/vi/1085167495,массовый тип площади; старые первыми; редкие и площади <30 м² защищены
472,1085167516,30.9,2026-09-15T03:54:04Z,48620,13,5,https://re.kufar.by/vi/1085167516,массовый тип площади; старые первыми; редкие и площади <30 м² защищены
473,1086948302,30.9,2026-09-29T04:25:22Z,48620,13,5,https://re.kufar.by/vi/1086948302,массовый тип площади; старые первыми; редкие и площади <30 м² защищены
474,1086948336,30.9,2026-09-29T04:27:18Z,48620,13,5,https://re.kufar.by/vi/1086948336,массовый тип площади; старые первыми; редкие и площади <30 м² защищены
475,1087431548,30.9,2026-10-02T04:05:54Z,48589,13,5,https://re.kufar.by/vi/1087431548,массовый тип площади; старые первыми; редкие и площади <30 м² защищены
476,1084083630,45.6,2026-09-06T09:01:37Z,52531,12,5,https://re.kufar.by/vi/1084083630,массовый тип площади; старые первыми; редкие и площади <30 м² защищены
477,1084083990,45.6,2026-09-06T09:04:41Z,52531,12,5,https://re.kufar.by/vi/1084083990,массовый тип площади; старые первыми; редкие и площади <30 м² защищены
478,1085031324,45.6,2026-09-14T01:18:21Z,52531,12,5,https://re.kufar.by/vi/1085031324,массовый тип площади; старые первыми; редкие и площади <30 м² защищены
479,1085031329,45.6,2026-09-14T01:21:05Z,52531,12,5,https://re.kufar.by/vi/1085031329,массовый тип площади; старые первыми; редкие и площади <30 м² защищены
480,1085697113,45.6,2026-09-19T07:30:57Z,52311,12,5,https://re.kufar.by/vi/1085697113,массовый тип площади; старые первыми; редкие и площади <30 м² защищены
481,1086806843,45.6,2026-09-28T05:46:48Z,52531,12,5,https://re.kufar.by/vi/1086806843,массовый тип площади; старые первыми; редкие и площади <30 м² защищены
482,1086949045,45.6,2026-09-29T04:52:39Z,52531,12,5,https://re.kufar.by/vi/1086949045,массовый тип площади; старые первыми; редкие и площади <30 м² защищены
483,1081980558,30.8,2026-08-21T14:25:53Z,40484,9,4,https://re.kufar.by/vi/1081980558,массовый тип площади; старые первыми; редкие и площади <30 м² защищены
484,1082434909,30.8,2026-08-25T04:28:56Z,48494,9,4,https://re.kufar.by/vi/1082434909,массовый тип площади; старые первыми; редкие и площади <30 м² защищены
485,1082435193,30.8,2026-08-25T04:34:24Z,47849,9,4,https://re.kufar.by/vi/1082435193,массовый тип площади; старые первыми; редкие и площади <30 м² защищены
486,1082435274,30.8,2026-08-25T04:36:46Z,48494,9,4,https://re.kufar.by/vi/1082435274,массовый тип площади; старые первыми; редкие и площади <30 м² защищены
487,1082569966,30.8,2026-08-26T05:21:06Z,48557,9,4,https://re.kufar.by/vi/1082569966,массовый тип площади; старые первыми; редкие и площади <30 м² защищены
488,1084192871,31,2026-09-07T04:51:31Z,44631,9,4,https://re.kufar.by/vi/1084192871,массовый тип площади; старые первыми; редкие и площади <30 м² защищены
489,1084920556,31,2026-09-13T04:13:23Z,44631,9,4,https://re.kufar.by/vi/1084920556,массовый тип площади; старые первыми; редкие и площади <30 м² защищены
490,1085167269,31,2026-09-15T03:32:54Z,48762,9,4,https://re.kufar.by/vi/1085167269,массовый тип площади; старые первыми; редкие и площади <30 м² защищены
491,1085167290,31,2026-09-15T03:34:31Z,48762,9,4,https://re.kufar.by/vi/1085167290,массовый тип площади; старые первыми; редкие и площади <30 м² защищены
492,1085167330,31,2026-09-15T03:38:45Z,48762,9,4,https://re.kufar.by/vi/1085167330,массовый тип площади; старые первыми; редкие и площади <30 м² защищены
493,1081649258,30,2026-08-19T09:46:12Z,43059,8,4,https://re.kufar.by/vi/1081649258,массовый тип площади; старые первыми; редкие и площади <30 м² защищены
494,1082038940,30,2026-08-22T05:00:05Z,45752,8,4,https://re.kufar.by/vi/1082038940,массовый тип площади; старые первыми; редкие и площади <30 м² защищены
495,1082279888,30,2026-08-24T03:30:54Z,45600,8,4,https://re.kufar.by/vi/1082279888,массовый тип площади; старые первыми; редкие и площади <30 м² защищены
496,1082437525,30,2026-08-25T05:09:43Z,50092,8,4,https://re.kufar.by/vi/1082437525,массовый тип площади; старые первыми; редкие и площади <30 м² защищены
497,1084121719,48.5,2026-09-06T13:26:03Z,101171,8,4,https://re.kufar.by/vi/1084121719,массовый тип площади; старые первыми; редкие и площади <30 м² защищены
498,1084121937,48.5,2026-09-06T13:28:03Z,101171,8,4,https://re.kufar.by/vi/1084121937,массовый тип площади; старые первыми; редкие и площади <30 м² защищены
499,1084832752,48.5,2026-09-12T10:41:41Z,56459,8,4,https://re.kufar.by/vi/1084832752,массовый тип площади; старые первыми; редкие и площади <30 м² защищены
500,1085439376,48.5,2026-09-17T05:44:47Z,56297,8,4,https://re.kufar.by/vi/1085439376,массовый тип площади; старые первыми; редкие и площади <30 м² защищены
501,1085692893,65.1,2026-09-19T06:51:11Z,64449,7,4,https://re.kufar.by/vi/1085692893,массовый тип площади; старые первыми; редкие и площади <30 м² защищены
502,1085693130,65.1,2026-09-19T06:54:27Z,64449,7,4,https://re.kufar.by/vi/1085693130,массовый тип площади; старые первыми; редкие и площади <30 м² защищены
503,1085693759,65.1,2026-09-19T06:57:53Z,64449,7,4,https://re.kufar.by/vi/1085693759,массовый тип площади; старые первыми; редкие и площади <30 м² защищены
504,1079875003,34.1,2026-08-05T04:35:45Z,53369,6,4,https://re.kufar.by/vi/1079875003,массовый тип площади; старые первыми; редкие и площади <30 м² защищены
505,1083445053,34.1,2026-09-01T13:26:36Z,49376,6,4,https://re.kufar.by/vi/1083445053,массовый тип площади; старые первыми; редкие и площади <30 м² защищены
506,1084120034,48.4,2026-09-06T13:10:32Z,100956,6,4,https://re.kufar.by/vi/1084120034,массовый тип площади; старые первыми; редкие и площади <30 м² защищены
507,1084120730,48.4,2026-09-06T13:17:02Z,100962,6,4,https://re.kufar.by/vi/1084120730,массовый тип площади; старые первыми; редкие и площади <30 м² защищены
508,1082570837,31.4,2026-08-26T05:36:49Z,49376,5,4,https://re.kufar.by/vi/1082570837,массовый тип площади; старые первыми; редкие и площади <30 м² защищены
509,1084311338,46.2,2026-09-08T04:34:14Z,60291,5,4,https://re.kufar.by/vi/1084311338,массовый тип площади; старые первыми; редкие и площади <30 м² защищены
510,1084694510,48.1,2026-09-11T04:21:39Z,100337,5,4,https://re.kufar.by/vi/1084694510,массовый тип площади; старые первыми; редкие и площади <30 м² защищены
511,1080571215,29.2,2026-08-11T08:10:02Z,44939,111,40,https://re.kufar.by/vi/1080571215,массовый тип площади; старые первыми; редкие и площади <30 м² защищены
512,1080571704,29.2,2026-08-11T08:14:36Z,44939,111,40,https://re.kufar.by/vi/1080571704,массовый тип площади; старые первыми; редкие и площади <30 м² защищены
513,1081646979,29.2,2026-08-19T09:23:35Z,43888,111,40,https://re.kufar.by/vi/1081646979,массовый тип площади; старые первыми; редкие и площади <30 м² защищены
514,1081647444,29.2,2026-08-19T09:28:15Z,43888,111,40,https://re.kufar.by/vi/1081647444,массовый тип площади; старые первыми; редкие и площади <30 м² защищены
515,1081647842,29.2,2026-08-19T09:31:54Z,43888,111,40,https://re.kufar.by/vi/1081647842,массовый тип площади; старые первыми; редкие и площади <30 м² защищены
516,1081648033,29.2,2026-08-19T09:33:47Z,43888,111,40,https://re.kufar.by/vi/1081648033,массовый тип площади; старые первыми; редкие и площади <30 м² защищены
517,1081648226,29.2,2026-08-19T09:35:46Z,43888,111,40,https://re.kufar.by/vi/1081648226,массовый тип площади; старые первыми; редкие и площади <30 м² защищены
518,1081648432,29.2,2026-08-19T09:37:41Z,43888,111,40,https://re.kufar.by/vi/1081648432,массовый тип площади; старые первыми; редкие и площади <30 м² защищены
519,1081650157,29.2,2026-08-19T09:55:06Z,43059,111,40,https://re.kufar.by/vi/1081650157,массовый тип площади; старые первыми; редкие и площади <30 м² защищены
520,1081651286,29.2,2026-08-19T10:07:08Z,43901,111,40,https://re.kufar.by/vi/1081651286,массовый тип площади; старые первыми; редкие и площади <30 м² защищены
521,1081739885,29.2,2026-08-20T03:53:27Z,43888,111,40,https://re.kufar.by/vi/1081739885,массовый тип площади; старые первыми; редкие и площади <30 м² защищены
522,1081741477,29.2,2026-08-20T03:57:32Z,43888,111,40,https://re.kufar.by/vi/1081741477,массовый тип площади; старые первыми; редкие и площади <30 м² защищены
523,1081741520,29.2,2026-08-20T04:00:15Z,43888,111,40,https://re.kufar.by/vi/1081741520,массовый тип площади; старые первыми; редкие и площади <30 м² защищены
524,1081742766,29.2,2026-08-20T04:02:22Z,43888,111,40,https://re.kufar.by/vi/1081742766,массовый тип площади; старые первыми; редкие и площади <30 м² защищены
525,1081744969,29.2,2026-08-20T04:04:57Z,43888,111,40,https://re.kufar.by/vi/1081744969,массовый тип площади; старые первыми; редкие и площади <30 м² защищены
526,1081752099,29.2,2026-08-20T04:12:26Z,43888,111,40,https://re.kufar.by/vi/1081752099,массовый тип площади; старые первыми; редкие и площади <30 м² защищены
527,1081756018,29.2,2026-08-20T04:16:51Z,43888,111,40,https://re.kufar.by/vi/1081756018,массовый тип площади; старые первыми; редкие и площади <30 м² защищены
528,1081757794,29.2,2026-08-20T04:21:29Z,43888,111,40,https://re.kufar.by/vi/1081757794,массовый тип площади; старые первыми; редкие и площади <30 м² защищены
529,1081757925,29.2,2026-08-20T04:26:32Z,43933,111,40,https://re.kufar.by/vi/1081757925,массовый тип площади; старые первыми; редкие и площади <30 м² защищены
530,1081757969,29.2,2026-08-20T04:28:23Z,43933,111,40,https://re.kufar.by/vi/1081757969,массовый тип площади; старые первыми; редкие и площади <30 м² защищены
531,1081892655,29.2,2026-08-21T03:43:06Z,43888,111,40,https://re.kufar.by/vi/1081892655,массовый тип площади; старые первыми; редкие и площади <30 м² защищены
532,1081909187,29.2,2026-08-21T04:18:56Z,43888,111,40,https://re.kufar.by/vi/1081909187,массовый тип площади; старые первыми; редкие и площади <30 м² защищены
533,1081910190,29.2,2026-08-21T04:46:12Z,43888,111,40,https://re.kufar.by/vi/1081910190,массовый тип площади; старые первыми; редкие и площади <30 м² защищены
534,1081910347,29.2,2026-08-21T04:50:58Z,43888,111,40,https://re.kufar.by/vi/1081910347,массовый тип площади; старые первыми; редкие и площади <30 м² защищены
535,1081911688,29.2,2026-08-21T05:05:27Z,43888,111,40,https://re.kufar.by/vi/1081911688,массовый тип площади; старые первыми; редкие и площади <30 м² защищены
536,1081911768,29.2,2026-08-21T05:08:03Z,43933,111,40,https://re.kufar.by/vi/1081911768,массовый тип площади; старые первыми; редкие и площади <30 м² защищены
537,1082085931,29.2,2026-08-22T12:24:37Z,43888,111,40,https://re.kufar.by/vi/1082085931,массовый тип площади; старые первыми; редкие и площади <30 м² защищены
538,1082086134,29.2,2026-08-22T12:26:36Z,43888,111,40,https://re.kufar.by/vi/1082086134,массовый тип площади; старые первыми; редкие и площади <30 м² защищены
539,1082086385,29.2,2026-08-22T12:28:52Z,43888,111,40,https://re.kufar.by/vi/1082086385,массовый тип площади; старые первыми; редкие и площади <30 м² защищены
540,1082439150,29.2,2026-08-25T05:39:50Z,43888,111,40,https://re.kufar.by/vi/1082439150,массовый тип площади; старые первыми; редкие и площади <30 м² защищены
541,1082439255,29.2,2026-08-25T05:41:44Z,43888,111,40,https://re.kufar.by/vi/1082439255,массовый тип площади; старые первыми; редкие и площади <30 м² защищены
542,1082439479,29.2,2026-08-25T05:45:58Z,43888,111,40,https://re.kufar.by/vi/1082439479,массовый тип площади; старые первыми; редкие и площади <30 м² защищены
543,1082439600,29.2,2026-08-25T05:48:09Z,43888,111,40,https://re.kufar.by/vi/1082439600,массовый тип площади; старые первыми; редкие и площади <30 м² защищены
544,1082439694,29.2,2026-08-25T05:49:46Z,43903,111,40,https://re.kufar.by/vi/1082439694,массовый тип площади; старые первыми; редкие и площади <30 м² защищены
545,1082439806,29.2,2026-08-25T05:52:00Z,43933,111,40,https://re.kufar.by/vi/1082439806,массовый тип площади; старые первыми; редкие и площади <30 м² защищены
546,1082589351,29.2,2026-08-26T08:19:54Z,43888,111,40,https://re.kufar.by/vi/1082589351,массовый тип площади; старые первыми; редкие и площади <30 м² защищены
547,1082589540,29.2,2026-08-26T08:21:31Z,43888,111,40,https://re.kufar.by/vi/1082589540,массовый тип площади; старые первыми; редкие и площади <30 м² защищены
548,1082590018,29.2,2026-08-26T08:26:49Z,43888,111,40,https://re.kufar.by/vi/1082590018,массовый тип площади; старые первыми; редкие и площади <30 м² защищены
549,1082590470,29.2,2026-08-26T08:31:40Z,43888,111,40,https://re.kufar.by/vi/1082590470,массовый тип площади; старые первыми; редкие и площади <30 м² защищены
550,1083147817,29.2,2026-08-30T05:36:04Z,43888,111,40,https://re.kufar.by/vi/1083147817,массовый тип площади; старые первыми; редкие и площади <30 м² защищены
551,1083148179,29.2,2026-08-30T05:45:18Z,43888,111,40,https://re.kufar.by/vi/1083148179,массовый тип площади; старые первыми; редкие и площади <30 м² защищены
552,1083148242,29.2,2026-08-30T05:47:17Z,43888,111,40,https://re.kufar.by/vi/1083148242,массовый тип площади; старые первыми; редкие и площади <30 м² защищены
553,1083148480,29.2,2026-08-30T05:51:08Z,43888,111,40,https://re.kufar.by/vi/1083148480,массовый тип площади; старые первыми; редкие и площади <30 м² защищены
554,1083183930,29.2,2026-08-30T11:14:09Z,43888,111,40,https://re.kufar.by/vi/1083183930,массовый тип площади; старые первыми; редкие и площади <30 м² защищены
555,1083184232,29.2,2026-08-30T11:17:01Z,43888,111,40,https://re.kufar.by/vi/1083184232,массовый тип площади; старые первыми; редкие и площади <30 м² защищены
556,1083184666,29.2,2026-08-30T11:20:23Z,43888,111,40,https://re.kufar.by/vi/1083184666,массовый тип площади; старые первыми; редкие и площади <30 м² защищены
557,1083184890,29.2,2026-08-30T11:22:34Z,43888,111,40,https://re.kufar.by/vi/1083184890,массовый тип площади; старые первыми; редкие и площади <30 м² защищены
558,1083398996,29.2,2026-09-01T05:25:12Z,43933,111,40,https://re.kufar.by/vi/1083398996,массовый тип площади; старые первыми; редкие и площади <30 м² защищены
559,1083399046,29.2,2026-09-01T05:26:35Z,43933,111,40,https://re.kufar.by/vi/1083399046,массовый тип площади; старые первыми; редкие и площади <30 м² защищены
560,1083399086,29.2,2026-09-01T05:27:59Z,43933,111,40,https://re.kufar.by/vi/1083399086,массовый тип площади; старые первыми; редкие и площади <30 м² защищены
561,1083399134,29.2,2026-09-01T05:30:04Z,43933,111,40,https://re.kufar.by/vi/1083399134,массовый тип площади; старые первыми; редкие и площади <30 м² защищены
562,1083399275,29.2,2026-09-01T05:34:10Z,43933,111,40,https://re.kufar.by/vi/1083399275,массовый тип площади; старые первыми; редкие и площади <30 м² защищены
563,1083404547,29.2,2026-09-01T07:01:46Z,43933,111,40,https://re.kufar.by/vi/1083404547,массовый тип площади; старые первыми; редкие и площади <30 м² защищены
564,1083404685,29.2,2026-09-01T07:04:11Z,43933,111,40,https://re.kufar.by/vi/1083404685,массовый тип площади; старые первыми; редкие и площади <30 м² защищены
565,1083404902,29.2,2026-09-01T07:07:32Z,43933,111,40,https://re.kufar.by/vi/1083404902,массовый тип площади; старые первыми; редкие и площади <30 м² защищены
566,1083405376,29.2,2026-09-01T07:13:45Z,43888,111,40,https://re.kufar.by/vi/1083405376,массовый тип площади; старые первыми; редкие и площади <30 м² защищены
567,1083406231,29.2,2026-09-01T07:16:38Z,43888,111,40,https://re.kufar.by/vi/1083406231,массовый тип площади; старые первыми; редкие и площади <30 м² защищены
568,1083410093,29.2,2026-09-01T07:42:26Z,43888,111,40,https://re.kufar.by/vi/1083410093,массовый тип площади; старые первыми; редкие и площади <30 м² защищены
569,1083410269,29.2,2026-09-01T07:44:58Z,43888,111,40,https://re.kufar.by/vi/1083410269,массовый тип площади; старые первыми; редкие и площади <30 м² защищены
570,1083410460,29.2,2026-09-01T07:47:27Z,43888,111,40,https://re.kufar.by/vi/1083410460,массовый тип площади; старые первыми; редкие и площади <30 м² защищены
571,1083410995,29.2,2026-09-01T07:53:41Z,43888,111,40,https://re.kufar.by/vi/1083410995,массовый тип площади; старые первыми; редкие и площади <30 м² защищены
572,1083502984,29.2,2026-09-02T03:49:18Z,43933,111,40,https://re.kufar.by/vi/1083502984,массовый тип площади; старые первыми; редкие и площади <30 м² защищены
573,1083503009,29.2,2026-09-02T03:50:51Z,43933,111,40,https://re.kufar.by/vi/1083503009,массовый тип площади; старые первыми; редкие и площади <30 м² защищены
574,1083503053,29.2,2026-09-02T03:53:39Z,43933,111,40,https://re.kufar.by/vi/1083503053,массовый тип площади; старые первыми; редкие и площади <30 м² защищены
575,1083503076,29.2,2026-09-02T03:55:15Z,43933,111,40,https://re.kufar.by/vi/1083503076,массовый тип площади; старые первыми; редкие и площади <30 м² защищены
576,1083503748,29.2,2026-09-02T03:58:13Z,43888,111,40,https://re.kufar.by/vi/1083503748,массовый тип площади; старые первыми; редкие и площади <30 м² защищены
577,1083505425,29.2,2026-09-02T04:00:10Z,43888,111,40,https://re.kufar.by/vi/1083505425,массовый тип площади; старые первыми; редкие и площади <30 м² защищены
578,1083512337,29.2,2026-09-02T04:07:24Z,43888,111,40,https://re.kufar.by/vi/1083512337,массовый тип площади; старые первыми; редкие и площади <30 м² защищены
579,1083516206,29.2,2026-09-02T04:11:28Z,43888,111,40,https://re.kufar.by/vi/1083516206,массовый тип площади; старые первыми; редкие и площади <30 м² защищены
580,1083673106,29.2,2026-09-03T05:41:22Z,43888,111,40,https://re.kufar.by/vi/1083673106,массовый тип площади; старые первыми; редкие и площади <30 м² защищены
581,1083673225,29.2,2026-09-03T05:43:35Z,43888,111,40,https://re.kufar.by/vi/1083673225,массовый тип площади; старые первыми; редкие и площади <30 м² защищены
582,1084061818,29.6,2026-09-06T06:14:12Z,44444,91,40,https://re.kufar.by/vi/1084061818,массовый тип площади; старые первыми; редкие и площади <30 м² защищены
583,1084061962,29.6,2026-09-06T06:16:21Z,44444,91,40,https://re.kufar.by/vi/1084061962,массовый тип площади; старые первыми; редкие и площади <30 м² защищены
584,1084062066,29.6,2026-09-06T06:18:10Z,44444,91,40,https://re.kufar.by/vi/1084062066,массовый тип площади; старые первыми; редкие и площади <30 м² защищены
585,1084062290,29.6,2026-09-06T06:21:03Z,44444,91,40,https://re.kufar.by/vi/1084062290,массовый тип площади; старые первыми; редкие и площади <30 м² защищены
586,1084062411,29.6,2026-09-06T06:23:20Z,44444,91,40,https://re.kufar.by/vi/1084062411,массовый тип площади; старые первыми; редкие и площади <30 м² защищены
587,1084062749,29.6,2026-09-06T06:29:19Z,44444,91,40,https://re.kufar.by/vi/1084062749,массовый тип площади; старые первыми; редкие и площади <30 м² защищены
588,1084571792,29.6,2026-09-10T04:36:18Z,44474,91,40,https://re.kufar.by/vi/1084571792,массовый тип площади; старые первыми; редкие и площади <30 м² защищены
589,1084572482,29.6,2026-09-10T04:47:20Z,44474,91,40,https://re.kufar.by/vi/1084572482,массовый тип площади; старые первыми; редкие и площади <30 м² защищены
590,1084572574,29.6,2026-09-10T04:50:24Z,44474,91,40,https://re.kufar.by/vi/1084572574,массовый тип площади; старые первыми; редкие и площади <30 м² защищены
591,1084572631,29.6,2026-09-10T04:52:35Z,44474,91,40,https://re.kufar.by/vi/1084572631,массовый тип площади; старые первыми; редкие и площади <30 м² защищены
592,1084572901,29.6,2026-09-10T04:56:08Z,44444,91,40,https://re.kufar.by/vi/1084572901,массовый тип площади; старые первыми; редкие и площади <30 м² защищены
593,1084572941,29.6,2026-09-10T04:57:25Z,44444,91,40,https://re.kufar.by/vi/1084572941,массовый тип площади; старые первыми; редкие и площади <30 м² защищены
594,1084573002,29.6,2026-09-10T04:59:11Z,44444,91,40,https://re.kufar.by/vi/1084573002,массовый тип площади; старые первыми; редкие и площади <30 м² защищены
595,1084573079,29.6,2026-09-10T05:01:35Z,44444,91,40,https://re.kufar.by/vi/1084573079,массовый тип площади; старые первыми; редкие и площади <30 м² защищены
596,1084905303,29.6,2026-09-13T03:41:58Z,44444,91,40,https://re.kufar.by/vi/1084905303,массовый тип площади; старые первыми; редкие и площади <30 м² защищены
597,1084905336,29.6,2026-09-13T03:47:24Z,44444,91,40,https://re.kufar.by/vi/1084905336,массовый тип площади; старые первыми; редкие и площади <30 м² защищены
598,1084905356,29.6,2026-09-13T03:49:36Z,44474,91,40,https://re.kufar.by/vi/1084905356,массовый тип площади; старые первыми; редкие и площади <30 м² защищены
599,1085032140,29.6,2026-09-14T02:32:05Z,44444,91,40,https://re.kufar.by/vi/1085032140,массовый тип площади; старые первыми; редкие и площади <30 м² защищены
600,1085032149,29.6,2026-09-14T02:35:28Z,44444,91,40,https://re.kufar.by/vi/1085032149,массовый тип площади; старые первыми; редкие и площади <30 м² защищены
